"Organisation","year","full_date","name","HFSC_ChairConnect","HFSC_RankMembConnect","SpeakerConnect","HFSC_CombConnect","FedBoardCentrality"
"American Economic Association (AEA)",1997,1997-01-05,"Laurence H. Meyer",0,0,0,0,0.17789899757069
"",1997,1997-01-14,"Alan Greenspan",0,0,0,0,0
"",1997,1997-01-16,"Laurence H. Meyer",0,0,0,0,0
"",1997,1997-01-24,"Laurence H. Meyer",0,0,0,0,0
"",1997,1997-01-28,"Susan M. Phillips",0,0,0,0,0
"",1997,1997-01-29,"Edward W. Kelley",0,0,0,0,0
"",1997,1997-02-14,"Susan M. Phillips",0,0,0,0,0
"",1997,1997-02-21,"Alan Greenspan",0,0,0,0,0
"",1997,1997-03-03,"Susan M. Phillips",0,0,0,0,0
"",1997,1997-03-07,"Alan Greenspan",0,0,0,0,0
"",1997,1997-03-13,"Alice M. Rivlin",0,0,0,0,0
"",1997,1997-03-22,"Alan Greenspan",0,0,0,0,0
"",1997,1997-04-04,"Alice M. Rivlin",0,0,0,0,0
"Bard College",1997,1997-04-10,"Laurence H. Meyer",0,0,0,0,0.0444747493926726
"",1997,1997-04-12,"Alan Greenspan",0,0,0,0,0
"",1997,1997-04-24,"Laurence H. Meyer",0,0,0,0,0
"",1997,1997-04-29,"Alan Greenspan",0,0,0,0,0
"Federal Reserve Bank of Chicago",1997,1997-05-01,"Alan Greenspan",0,0,0,0,0
"Conference of State Bank Supervisors (CSBS)",1997,1997-05-03,"Alan Greenspan",0,0,0,0,0
"New York University (NYU)",1997,1997-05-08,"Alan Greenspan",0,0,0,0,0
"Leonard N Stern School of Business, New York University",1997,1997-05-23,"Laurence H. Meyer",0,0,0,0,0
"",1997,1997-06-10,"Alan Greenspan",0,0,0,0,0
"",1997,1997-06-18,"Susan M. Phillips",0,0,0,0,0
"",1997,1997-06-18,"Laurence H. Meyer",0,0,0,0,0
"",1997,1997-09-04,"Laurence H. Meyer",0,0,0,0,0
"Stanford Institute for Economic Policy Research (SIEPR)",1997,1997-09-05,"Alan Greenspan",0,0,0,0,0
"",1997,1997-09-12,"Alan Greenspan",0,0,0,0,0
"",1997,1997-09-12,"Laurence H. Meyer",0,0,0,0,0
"",1997,1997-09-17,"Laurence H. Meyer",0,0,0,0,0
"Fordham University",1997,1997-09-19,"Susan M. Phillips",0,0,0,0,0
"",1997,1997-09-23,"Edward W. Kelley",0,0,0,0,0
"American Bankers Association (ABA)",1997,1997-10-05,"Alan Greenspan",0.98,0.98,0,1.96,0
"",1997,1997-10-11,"Alan Greenspan",0,0,0,0,0
"",1997,1997-10-14,"Laurence H. Meyer",0,0,0,0,0
"",1997,1997-10-14,"Alan Greenspan",0,0,0,0,0
"University of Connecticut",1997,1997-10-14,"Alan Greenspan",0,0,0,0,0
"",1997,1997-10-15,"Susan M. Phillips",0,0,0,0,0
"",1997,1997-10-30,"Susan M. Phillips",0,0,0,0,0
"Federal Reserve Bank of Chicago",1997,1997-10-31,"Laurence H. Meyer",0,0,0,0,0
"",1997,1997-11-04,"Susan M. Phillips",0,0,0,0,0
"",1997,1997-11-07,"Alan Greenspan",0,0,0,0,0
"",1997,1997-12-01,"Laurence H. Meyer",0,0,0,0,0
"",1997,1997-12-02,"Alan Greenspan",0,0,1,0,0
"",1997,1997-12-03,"Alan Greenspan",0,0,0,0,0
"",1997,1997-12-15,"Edward W. Kelley",0,0,0,0,0
"",1998,1998-01-03,"Alan Greenspan",0,0,0,0,0
"American Economic Association (AEA)",1998,1998-01-03,"Alan Greenspan",0,0,0,0,0
"",1998,1998-01-08,"Laurence H. Meyer",0,0,0,0,0
"",1998,1998-01-12,"Alan Greenspan",0,0,0,0,0
"",1998,1998-01-16,"Alan Greenspan",0,0,0,0,0
"",1998,1998-02-11,"Edward W. Kelley",0,0,0,0,0
"",1998,1998-02-17,"Alice M. Rivlin",0,0,0,0,0
"Federal Reserve Bank of New York",1998,1998-02-26,"Alan Greenspan",0,0,0,0,0
"",1998,1998-02-27,"Edward M. Gramlich",0,0,0,0,0
"Federal Reserve Bank of Atlanta",1998,1998-02-27,"Alan Greenspan",0,0,0,0,0
"",1998,1998-03-02,"Laurence H. Meyer",0,0,0,0,0
"",1998,1998-03-03,"Alan Greenspan",0,0,0,0,0
"",1998,1998-03-04,"Roger W. Ferguson",0,0,0,0,0
"",1998,1998-03-06,"Edward M. Gramlich",0,0,0,0,0
"",1998,1998-03-09,"Roger W. Ferguson",0,0,0,0,0
"",1998,1998-03-16,"Laurence H. Meyer",0,0,0,0,0
"",1998,1998-03-17,"Susan M. Phillips",0,0,0,0,0
"",1998,1998-03-19,"Roger W. Ferguson",0,0,0,0,0
"Georgetown University",1998,1998-03-19,"Alice M. Rivlin",0,0,0,0,0
"",1998,1998-03-26,"Susan M. Phillips",0,0,0,0,0
"",1998,1998-04-02,"Alan Greenspan",0,0,0,0,0
"",1998,1998-04-02,"Laurence H. Meyer",0,0,0,0,0
"",1998,1998-04-04,"Roger W. Ferguson",0,0,0,0,0
"Federal Reserve Bank of Atlanta",1998,1998-04-09,"Laurence H. Meyer",0,0,0,0,0
"",1998,1998-04-16,"Roger W. Ferguson",0,0,0,0,0
"",1998,1998-04-16,"Laurence H. Meyer",0,0,0,0,0
"",1998,1998-04-23,"Alice M. Rivlin",0,0,0,0,0
"",1998,1998-04-30,"Laurence H. Meyer",0,0,0,0,0
"",1998,1998-05-02,"Alan Greenspan",0,0,0,0,0
"Federal Reserve Bank of Chicago",1998,1998-05-07,"Alan Greenspan",0,0,0,0,0
"Federal Reserve Bank of Chicago",1998,1998-05-07,"Alice M. Rivlin",0,0,0,0,0
"",1998,1998-05-12,"Laurence H. Meyer",0,0,0,0,0
"New York University (NYU)",1998,1998-05-12,"Alice M. Rivlin",0,0,0,0,0
"",1998,1998-05-20,"Alan Greenspan",0,0,0,0,0
"",1998,1998-06-03,"Laurence H. Meyer",0,0,0,0,0
"",1998,1998-06-09,"Laurence H. Meyer",0,0,0,0,0
"",1998,1998-06-18,"Alice M. Rivlin",0,0,0,0,0
"Federal Reserve Bank of Atlanta",1998,1998-07-09,"Roger W. Ferguson",0,0,0,0,0
"",1998,1998-07-10,"Alan Greenspan",0,0,0,0,0
"",1998,1998-07-20,"Roger W. Ferguson",0,0,0,0,0
"Federal Reserve Bank of Kansas City",1998,1998-08-28,"Alan Greenspan",0,0,0,0,0
"University of California, Berkeley",1998,1998-09-04,"Alan Greenspan",0,0,0,0,0
"",1998,1998-09-15,"Edward M. Gramlich",0,0,0,0,0
"Federal Reserve Bank of Kansas City",1998,1998-09-17,"Roger W. Ferguson",0,0,0,0,0
"",1998,1998-09-18,"Laurence H. Meyer",0,0,0,0,0
"",1998,1998-09-28,"Alice M. Rivlin",0,0,0,0,0
"",1998,1998-09-29,"Roger W. Ferguson",0,0,0,0,0
"National Association for Business Economics",1998,1998-10-05,"Laurence H. Meyer",0,0,0,0,0.00121400755254611
"",1998,1998-10-14,"Roger W. Ferguson",0,0,0,0,0
"",1998,1998-10-16,"Roger W. Ferguson",0,0,0,0,0
"",1998,1998-10-22,"Laurence H. Meyer",0,0,0,0,0
"",1998,1998-10-22,"Alice M. Rivlin",0,0,0,0,0
"",1998,1998-10-22,"Roger W. Ferguson",0,0,0,0,0
"State University of New York, Buffalo (SUNYB)",1998,1998-10-22,"Alice M. Rivlin",0,0,0,0,0
"",1998,1998-10-27,"Roger W. Ferguson",0,0,0,0,0
"",1998,1998-10-29,"Edward W. Kelley",0,0,0,0,0
"Securities Industry and Financial Markets Association (SIFMA)",1998,1998-11-05,"Alan Greenspan",0,0,0,0,0
"",1998,1998-11-06,"Edward M. Gramlich",0,0,0,0,0
"",1998,1998-11-12,"Laurence H. Meyer",0,0,0,0,0
"",1999,1999-01-03,"Roger W. Ferguson",0,0,0,0,0
"",1999,1999-01-04,"Laurence H. Meyer",0,0,0,0,0
"",1999,1999-01-11,"Laurence H. Meyer",0,0,0,0,0
"",1999,1999-01-15,"Roger W. Ferguson",0,0,0,0,0
"",1999,1999-01-21,"Roger W. Ferguson",0,0,0,0,0
"",1999,1999-02-11,"Roger W. Ferguson",0,0,0,0,0
"",1999,1999-02-16,"Alan Greenspan",0,0,0,0,0
"",1999,1999-02-24,"Alice M. Rivlin",0,0,0,0,0
"",1999,1999-02-25,"Roger W. Ferguson",0,0,0,0,0
"",1999,1999-02-25,"Laurence H. Meyer",0,0,0,0,0
"",1999,1999-03-01,"Alice M. Rivlin",0,0,0,0,0
"National Association for Business Economics",1999,1999-03-03,"Roger W. Ferguson",0,0,0,0,0.000180047181645703
"",1999,1999-03-08,"Edward M. Gramlich",0,0,0,0,0
"",1999,1999-03-08,"Alan Greenspan",0,0,0,0,0
"",1999,1999-03-09,"Alan Greenspan",0,0,0,0,0
"",1999,1999-03-10,"Edward W. Kelley",0,0,0,0,0
"",1999,1999-03-12,"Laurence H. Meyer",0,0,0,0,0
"",1999,1999-03-16,"Alan Greenspan",0,0,0,0,0
"",1999,1999-03-16,"Roger W. Ferguson",0,0,0,0,0
"",1999,1999-03-19,"Alan Greenspan",0,0,0,0,0
"",1999,1999-03-25,"Edward W. Kelley",0,0,0,0,0
"",1999,1999-04-06,"Alice M. Rivlin",0,0,0,0,0
"",1999,1999-04-13,"Roger W. Ferguson",0,0,0,0,0
"",1999,1999-04-14,"Laurence H. Meyer",0,0,0,0,0
"",1999,1999-04-16,"Alan Greenspan",0,0,0,0,0
"",1999,1999-04-22,"Edward M. Gramlich",0,0,0,0,0
"Bard College",1999,1999-04-22,"Laurence H. Meyer",0,0,0,0,0
"",1999,1999-04-26,"Laurence H. Meyer",0,0,0,0,0
"World Bank",1999,1999-04-29,"Alan Greenspan",0,0,0,0,0
"Federal Reserve Bank of Chicago",1999,1999-05-06,"Alan Greenspan",0,0,0,0,0
"",1999,1999-05-13,"Alice M. Rivlin",0,0,0,0,0
"",1999,1999-05-13,"Alice M. Rivlin",0,0,0,0,0
"",1999,1999-06-01,"Alice M. Rivlin",0,0,0,0,0
"",1999,1999-06-02,"Alan Greenspan",0,0,0,0,0
"",1999,1999-06-03,"Laurence H. Meyer",0,0,0,0,0
"",1999,1999-06-10,"Roger W. Ferguson",0,0,0,0,0
"Harvard University",1999,1999-06-10,"Alan Greenspan",0,0,0,0,0.462323348256946
"",1999,1999-06-14,"Laurence H. Meyer",0,0,0,0,0
"Brookings Institution (BI)",1999,1999-06-14,"Laurence H. Meyer",0,0,0,0,0
"Ernst & Young LLP",1999,1999-06-14,"Laurence H. Meyer",0,0,0,0,0
"",1999,1999-06-16,"Edward M. Gramlich",0,0,0,0,0
"",1999,1999-06-22,"Roger W. Ferguson",0,0,0,0,0
"",1999,1999-07-29,"Roger W. Ferguson",0,0,0,0,0
"Federal Reserve Bank of Kansas City",1999,1999-08-27,"Alan Greenspan",0,0,0,0,0
"",1999,1999-09-08,"Alan Greenspan",0,0,0,0,0
"",1999,1999-09-08,"Laurence H. Meyer",0,0,0,0,0
"",1999,1999-09-09,"Roger W. Ferguson",0,0,0,0,0
"",1999,1999-09-15,"Edward M. Gramlich",0,0,0,0,0
"",1999,1999-09-16,"Edward W. Kelley",0,0,0,0,0
"",1999,1999-09-17,"Edward M. Gramlich",0,0,0,0,0
"",1999,1999-09-17,"Alan Greenspan",0,0,0,0,0
"",1999,1999-09-21,"Roger W. Ferguson",0,0,0,0,0
"",1999,1999-09-27,"Alan Greenspan",0,0,0,0,0
"",1999,1999-09-27,"Laurence H. Meyer",0,0,0,0,0
"Georgetown University",1999,1999-09-28,"Roger W. Ferguson",0,0,0,0,0
"",1999,1999-09-30,"Alan Greenspan",0,0,0,0,0
"",1999,1999-10-01,"Laurence H. Meyer",0,0,0,0,0
"",1999,1999-10-06,"Roger W. Ferguson",0,0,0,0,0
"American Bankers Association (ABA)",1999,1999-10-11,"Alan Greenspan",0.14,0.14,0,0.28,0
"",1999,1999-10-12,"Laurence H. Meyer",0,0,0,0,0
"",1999,1999-10-14,"Alan Greenspan",0,0,0,0,0
"",1999,1999-10-15,"Alan Greenspan",0,0,0,0,0
"",1999,1999-10-19,"Alan Greenspan",0,0,0,0,0
"",1999,1999-10-28,"Alan Greenspan",0,0,0,0,0
"",1999,1999-10-28,"Roger W. Ferguson",0,0,0,0,0
"",1999,1999-11-02,"Alan Greenspan",0,0,0,0,0
"Georgetown University",1999,1999-11-04,"Edward M. Gramlich",0,0,0,0,0
"",1999,1999-11-15,"Alan Greenspan",0,0,0,0,0
"New York University (NYU)",1999,1999-11-30,"Laurence H. Meyer",0,0,0,0,0
"",1999,1999-12-15,"Laurence H. Meyer",0,0,0,0,0
"",2000,2000-01-07,"Roger W. Ferguson",0,0,0,0,0
"",2000,2000-01-13,"Edward M. Gramlich",0,0,0,0,0
"",2000,2000-01-13,"Alan Greenspan",0,0,1,0,0
"",2000,2000-01-14,"Laurence H. Meyer",0,0,0,0,0
"",2000,2000-01-20,"Laurence H. Meyer",0,0,0,0,0
"",2000,2000-01-20,"Laurence H. Meyer",0,0,0,0,0
"",2000,2000-02-03,"Laurence H. Meyer",0,0,0,0,0
"",2000,2000-02-17,"Roger W. Ferguson",0,0,0,0,0
"National Association for Business Economics",2000,2000-02-23,"Laurence H. Meyer",0,0,0,0,0.000410892571960702
"Fordham University",2000,2000-02-25,"Laurence H. Meyer",0,0,0,0,0
"Federal Reserve Bank of San Francisco (FRBSF)",2000,2000-03-03,"Laurence H. Meyer",0,0,0,0,0
"Stanford University",2000,2000-03-03,"Laurence H. Meyer",0,0,0,0,0
"",2000,2000-03-06,"Alan Greenspan",0,0,0,0,0
"",2000,2000-03-06,"Roger W. Ferguson",0,0,0,0,0
"",2000,2000-03-07,"Edward M. Gramlich",0,0,0,0,0
"",2000,2000-03-08,"Alan Greenspan",0,0,0,0,0
"",2000,2000-03-13,"Edward M. Gramlich",0,0,0,0,0
"",2000,2000-03-22,"Alan Greenspan",0,0,0,0,0
"",2000,2000-03-30,"Edward W. Kelley",0,0,0,0,0
"",2000,2000-04-05,"Alan Greenspan",0,0,0,0,0
"",2000,2000-04-06,"Roger W. Ferguson",0,0,0,0,0
"",2000,2000-04-07,"Alan Greenspan",0,0,0,0,0
"",2000,2000-04-10,"Alan Greenspan",0,0,0,0,0
"US Department of Labor",2000,2000-04-11,"Alan Greenspan",0,0,0,0,0
"",2000,2000-04-12,"Laurence H. Meyer",0,0,0,0,0
"",2000,2000-04-14,"Alan Greenspan",0,0,0,0,0
"",2000,2000-04-14,"Edward M. Gramlich",0,0,0,0,0
"",2000,2000-04-17,"Edward M. Gramlich",0,0,0,0,0
"",2000,2000-04-20,"Edward M. Gramlich",0,0,0,0,0
"Federal Reserve Bank of Kansas City",2000,2000-04-27,"Alan Greenspan",0,0,0,0,0
"Federal Reserve Bank of Chicago",2000,2000-05-04,"Alan Greenspan",0,0,0,0,0
"Federal Reserve Bank of Chicago",2000,2000-05-04,"Roger W. Ferguson",0,0,0,0,0
"",2000,2000-05-09,"Roger W. Ferguson",0,0,0,0,0
"",2000,2000-05-11,"Roger W. Ferguson",0,0,0,0,0
"",2000,2000-05-12,"Roger W. Ferguson",0,0,0,0,0
"",2000,2000-05-18,"Alan Greenspan",0,0,0,0,0
"",2000,2000-05-22,"Roger W. Ferguson",0,0,0,0,0
"",2000,2000-05-25,"Alan Greenspan",0,0,0,0,0
"",2000,2000-05-26,"Roger W. Ferguson",0,0,0,0,0
"",2000,2000-05-31,"Laurence H. Meyer",0,0,0,0,0
"",2000,2000-06-01,"Laurence H. Meyer",NA,NA,0,NA,0
"",2000,2000-06-06,"Laurence H. Meyer",0,0,0,0,0
"",2000,2000-06-13,"Alan Greenspan",0,0,0,0,0
"",2000,2000-07-11,"Alan Greenspan",0,0,0,0,0
"",2000,2000-07-12,"Alan Greenspan",0,0,0,0,0
"Federal Reserve Bank of Kansas City",2000,2000-08-25,"Alan Greenspan",0,0,0,0,0
"",2000,2000-08-31,"Laurence H. Meyer",0,0,0,0,0
"",2000,2000-09-15,"Roger W. Ferguson",0,0,0,0,0
"American Bankers Association (ABA)",2000,2000-09-18,"Alan Greenspan",0.14,0.14,0,0.28,0
"Federal Reserve Bank of Chicago",2000,2000-10-11,"Roger W. Ferguson",0,0,0,0,0
"Federal Reserve Bank of Atlanta",2000,2000-10-16,"Alan Greenspan",0,0,0,0,0
"",2000,2000-10-19,"Alan Greenspan",0,0,0,0,0
"",2000,2000-10-19,"Laurence H. Meyer",0,0,0,0,0
"",2000,2000-10-19,"Roger W. Ferguson",0,0,0,0,0
"",2000,2000-10-20,"Roger W. Ferguson",0,0,0,0,0
"",2000,2000-10-24,"Laurence H. Meyer",0,0,0,0,0
"",2000,2000-10-31,"Roger W. Ferguson",0,0,0,0,0
"",2000,2000-11-14,"Alan Greenspan",0,0,0,0,0
"",2000,2000-11-20,"Alan Greenspan",0,0,0,0,0
"",2000,2000-11-21,"Edward M. Gramlich",0,0,0,0,0
"",2000,2000-12-05,"Alan Greenspan",0,0,0,0,0
"",2000,2000-12-06,"Roger W. Ferguson",0,0,0,0,0
"Federal Reserve Bank of Philadelphia",2000,2000-12-06,"Edward M. Gramlich",0,0,0,0,0
"Federal Reserve Bank of Atlanta",2000,2000-12-08,"Alan Greenspan",0,0,0,0,0
"",2001,2001-01-12,"Roger W. Ferguson",0,0,0,0,0
"",2001,2001-01-25,"Roger W. Ferguson",0,0,0,0,0
"",2001,2001-02-14,"Roger W. Ferguson",0,0,0,0,0
"",2001,2001-02-15,"Laurence H. Meyer",0,0,0,0,0
"",2001,2001-02-20,"Edward M. Gramlich",0,0,0,0,0
"Securities Industry and Financial Markets Association (SIFMA)",2001,2001-02-27,"Roger W. Ferguson",0,0,0,0,0
"University of North Carolina, Chapel Hill",2001,2001-02-27,"Roger W. Ferguson",0,0,0,0,0
"",2001,2001-03-05,"Laurence H. Meyer",0,0,0,0,0
"",2001,2001-03-07,"Alan Greenspan",0.6,0,0,0.6,0
"",2001,2001-03-09,"Roger W. Ferguson",0,0,0,0,0
"",2001,2001-03-15,"Laurence H. Meyer",0,0,0,0,0
"",2001,2001-03-23,"Edward M. Gramlich",0,0,0,0,0
"National Association for Business Economics",2001,2001-03-27,"Alan Greenspan",0,0,1,0,9.89700442964271e-05
"",2001,2001-03-28,"Laurence H. Meyer",0,0,0,0,0
"",2001,2001-04-05,"Edward M. Gramlich",0,0,0,0,0
"Federal Reserve Bank of New York",2001,2001-04-05,"Roger W. Ferguson",0,0,0,0,0
"",2001,2001-04-06,"Alan Greenspan",0,0,1,0,0
"",2001,2001-04-19,"Edward M. Gramlich",0,0,0,0,0
"",2001,2001-04-19,"Roger W. Ferguson",0,0,0,0,0
"",2001,2001-04-19,"Roger W. Ferguson",0,0,0,0,0
"Bard College",2001,2001-04-26,"Roger W. Ferguson",0,0,0,0,0
"",2001,2001-04-27,"Alan Greenspan",0.8,0,0,0.8,0
"Federal Reserve Bank of Chicago",2001,2001-05-10,"Laurence H. Meyer",0,0,0,0,0.000103624211840803
"Federal Reserve Bank of Chicago",2001,2001-05-10,"Alan Greenspan",0,0,0,0,0.000103624211840803
"",2001,2001-05-17,"Laurence H. Meyer",0,0,0,0,0
"",2001,2001-05-18,"Alan Greenspan",0,0,0,0,0
"",2001,2001-05-21,"Roger W. Ferguson",0,0,0,0,0
"National Association for Business Economics",2001,2001-05-21,"Laurence H. Meyer",0,0,0,0,9.89700442964271e-05
"",2001,2001-05-24,"Alan Greenspan",0,0,1,0,0
"",2001,2001-05-24,"Laurence H. Meyer",NA,NA,0,NA,0
"",2001,2001-06-06,"Laurence H. Meyer",0,0,0,0,0
"American Bankers Association (ABA)",2001,2001-06-11,"Edward M. Gramlich",0.28,0,0,0.28,0
"",2001,2001-06-14,"Roger W. Ferguson",0,0,0,0,0
"",2001,2001-06-20,"Edward M. Gramlich",0,0,0,0,0
"",2001,2001-06-20,"Alan Greenspan",0,0,0,0,0
"",2001,2001-06-28,"Alan Greenspan",0,0,0,0,0
"Federal Reserve Bank of Chicago",2001,2001-06-28,"Alan Greenspan",0,0,0,0,0.000103624211840803
"",2001,2001-07-17,"Laurence H. Meyer",0,0,0,0,0
"",2001,2001-07-18,"Roger W. Ferguson",0,0,0,0,0
"",2001,2001-08-03,"Edward M. Gramlich",0,0,0,0,0
"Federal Reserve Bank of Kansas City",2001,2001-08-31,"Alan Greenspan",0,0,0,0,0
"Federal Reserve Bank of Kansas City",2001,2001-08-31,"Roger W. Ferguson",0,0,0,0,0
"Federal Reserve Bank of Philadelphia",2001,2001-09-04,"Roger W. Ferguson",0,0,0,0,0
"Federal Reserve Bank of St Louis",2001,2001-10-11,"Alan Greenspan",0,0,0,0,0.000103624211840797
"",2001,2001-10-12,"Laurence H. Meyer",0,0,0,0,0
"",2001,2001-10-15,"Laurence H. Meyer",0,0,0,0,0
"",2001,2001-10-16,"Roger W. Ferguson",0.8,0,0,0.8,0
"",2001,2001-10-23,"Edward M. Gramlich",0,0,0,0,0
"American Bankers Association (ABA)",2001,2001-10-23,"Alan Greenspan",0.28,0,0,0.28,0
"",2001,2001-10-24,"Alan Greenspan",0,0,0,0,0
"",2001,2001-10-26,"Alan Greenspan",0,0,0,0,0
"",2001,2001-11-08,"Edward M. Gramlich",0,0,0,0,0
"",2001,2001-11-08,"Roger W. Ferguson",0.8,0,0,0.8,0
"",2001,2001-11-13,"Alan Greenspan",0,0,0,0,0
"National Association of Business Economists (NABE)",2001,2001-11-27,"Laurence H. Meyer",0,0,0,0,0
"",2001,2001-11-30,"Alan Greenspan",0,0,0,0,0
"",2001,2001-11-30,"Edward M. Gramlich",0,0,0,0,0
"",2001,2001-12-03,"Alan Greenspan",0,0,0,0,0
"Swarthmore College",2001,2001-12-05,"Laurence H. Meyer",0,0,0,0,0
"",2001,2001-12-18,"Laurence H. Meyer",0,0,0,0,0
"",2002,2002-01-08,"Roger W. Ferguson",0,0,0,0,0
"",2002,2002-01-10,"Alan Greenspan",0,0,0,0,0
"",2002,2002-01-11,"Alan Greenspan",0,0,0,0,0
"",2002,2002-01-16,"Laurence H. Meyer",0,0,0,0,0
"",2002,2002-01-16,"Roger W. Ferguson",0,0,0,0,0
"Federal Reserve Bank of New York",2002,2002-01-16,"Alan Greenspan",0,0,0,0,0.0125699850607874
"",2002,2002-01-18,"Edward M. Gramlich",0,0,0,0,0
"",2002,2002-02-07,"Mark W. Olson",0,0,0,0,0
"",2002,2002-02-08,"Mark W. Olson",0,0,0,0,0
"",2002,2002-02-20,"Edward M. Gramlich",0,0,0,0,0
"",2002,2002-02-27,"Roger W. Ferguson",0,0,0,0,0
"Harvard University",2002,2002-02-28,"Susan Schmidt Bies",0,0,0,0,0.460950670974768
"US Department of Labor",2002,2002-02-28,"Alan Greenspan",0,0,0,0,0
"",2002,2002-03-01,"Edward M. Gramlich",0,0,0,0,0
"",2002,2002-03-04,"Roger W. Ferguson",0,0,0,0,0
"",2002,2002-03-04,"Roger W. Ferguson",0,0,0,0,0
"",2002,2002-03-07,"Edward M. Gramlich",0,0,1,0,0
"",2002,2002-03-12,"Mark W. Olson",0.9,0,0,0.9,0
"",2002,2002-03-13,"Alan Greenspan",0.6,0,0,0.6,0
"",2002,2002-03-21,"Susan S. Bies",0,0,0,0,0
"",2002,2002-03-26,"Mark W. Olson",0,0,0,0,0
"New York University (NYU)",2002,2002-03-26,"Alan Greenspan",0,0,0,0,0
"",2002,2002-04-08,"Edward M. Gramlich",0,0,0,0,0
"",2002,2002-04-22,"Alan Greenspan",0,0,0,0,0
"",2002,2002-04-30,"Mark W. Olson",0,0,0,0,0
"University of Illinois (UIC)",2002,2002-05-02,"Edward M. Gramlich",0,0,0,0,0
"Federal Reserve Bank of Atlanta",2002,2002-05-03,"Alan Greenspan",0,0,0,0,0
"Federal Reserve Bank of Chicago",2002,2002-05-09,"Roger W. Ferguson",0,0,0,0,0.000527684645958079
"Federal Reserve Bank of Chicago",2002,2002-05-10,"Alan Greenspan",0,0,0,0,0.000527684645958079
"",2002,2002-05-11,"Roger W. Ferguson",0,0,0,0,0
"",2002,2002-05-13,"Roger W. Ferguson",0,0,0,0,0
"",2002,2002-05-17,"Mark W. Olson",0,0,0,0,0
"",2002,2002-05-21,"Mark W. Olson",0,0,0,0,0
"",2002,2002-05-21,"Roger W. Ferguson",0,0,0,0,0
"",2002,2002-05-31,"Mark W. Olson",0,0,0,0,0
"",2002,2002-06-10,"Susan S. Bies",0,0,0,0,0
"",2002,2002-06-11,"Susan S. Bies",0,0,0,0,0
"World Bank",2002,2002-06-20,"Susan S. Bies",0,0,0,0,0
"",2002,2002-07-05,"Edward M. Gramlich",0,0,0,0,0
"",2002,2002-07-08,"Mark W. Olson",NA,NA,0,NA,0
"",2002,2002-07-26,"Mark W. Olson",0,0,0,0,0
"Federal Reserve Bank of Kansas City",2002,2002-08-30,"Alan Greenspan",0,0,0,0,0
"",2002,2002-09-25,"Alan Greenspan",0,0,0,0,0
"",2002,2002-09-25,"Alan Greenspan",0,0,0,0,0
"",2002,2002-09-25,"Alan Greenspan",0,0,0,0,0
"",2002,2002-09-28,"Susan S. Bies",0,0,0,0,0
"",2002,2002-10-01,"Susan S. Bies",0,0,0,0,0
"",2002,2002-10-03,"Roger W. Ferguson",0,0,0,0,0
"American Bankers Association (ABA)",2002,2002-10-07,"Alan Greenspan",0.28,0,0,0.28,0
"Fordham University",2002,2002-10-08,"Susan S. Bies",0,0,0,0,0
"",2002,2002-10-09,"Roger W. Ferguson",0.8,0,0,0.8,0
"",2002,2002-10-15,"Ben S. Bernanke",0,0,0,0,0
"",2002,2002-10-16,"Roger W. Ferguson",0,0,0,0,0
"",2002,2002-10-16,"Edward M. Gramlich",0,0,0,0,0
"",2002,2002-10-16,"Roger W. Ferguson",0,0,0,0,0
"Federal Reserve Bank of St Louis",2002,2002-10-22,"Mark W. Olson",0,0,0,0,0.000527684645958077
"",2002,2002-10-23,"Alan Greenspan",0,0,0,0,0
"US Department of Labor",2002,2002-10-23,"Alan Greenspan",0,0,0,0,0
"",2002,2002-10-24,"Roger W. Ferguson",0,0,0,0,0
"",2002,2002-10-29,"Alan Greenspan",0,0,0,0,0
"",2002,2002-11-07,"Susan S. Bies",0.8,0,0,0.8,0
"",2002,2002-11-07,"Edward M. Gramlich",0,0,0,0,0
"",2002,2002-11-08,"Ben S. Bernanke",0,0,0,0,0
"",2002,2002-11-12,"Roger W. Ferguson",0,0,0,0,0
"",2002,2002-11-12,"Mark W. Olson",0,0,0,0,0
"",2002,2002-11-12,"Roger W. Ferguson",0,0,0,0,0
"",2002,2002-11-12,"Alan Greenspan",0,0,0,0,0
"",2002,2002-11-12,"Susan S. Bies",0,0,0,0,0
"",2002,2002-11-18,"Alan Greenspan",0,0,0,0,0
"Federal Reserve Bank of San Francisco (FRBSF)",2002,2002-11-18,"Mark W. Olson",0,0,0,0,0
"",2002,2002-11-19,"Alan Greenspan",0,0,0,0,0
"",2002,2002-11-20,"Roger W. Ferguson",0.8,0,0,0.8,0
"",2002,2002-11-21,"Ben S. Bernanke",0,0,0,0,0
"",2002,2002-11-22,"Donald L. Kohn",0,0,0,0,0
"",2002,2002-12-13,"Susan S. Bies",0,0,0,0,0
"",2002,2002-12-13,"Mark W. Olson",0,0,0,0,0
"",2002,2002-12-19,"Alan Greenspan",0,0,1,0,0
"",2003,2003-01-04,"Edward M. Gramlich",0,0,0,0,0
"",2003,2003-02-03,"Ben S. Bernanke",0,0,0,0,0
"",2003,2003-02-05,"Roger W. Ferguson",0,0,0,0,0
"",2003,2003-02-06,"Mark W. Olson",0,0,0,0,0
"",2003,2003-02-11,"Susan Schmidt Bies",0,0,0,0,0
"",2003,2003-02-12,"Roger W. Ferguson",0,0,0,0,0
"",2003,2003-02-21,"Ben S. Bernanke",0,0,0,0,0
"",2003,2003-02-27,"Susan Schmidt Bies",0,0,0,0,0
"Federal Reserve Bank of San Francisco (FRBSF)",2003,2003-02-28,"Donald L. Kohn",0,0,0,0,0
"",2003,2003-03-04,"Alan Greenspan",0.56,0,0,0.56,0
"",2003,2003-03-07,"Alan Greenspan",0,0,0,0,0
"Federal Reserve Bank of Chicago",2003,2003-03-13,"Mark W. Olson",0,0,0,0,0.000525213440319727
"National Bureau of Economic Research (NBER) (USA)",2003,2003-03-24,"Donald L. Kohn",0,0,0,0,0
"National Association for Business Economics",2003,2003-03-25,"Ben S. Bernanke",0,0,0,0,0
"",2003,2003-03-28,"Alan Greenspan",0,0,0,0,0
"",2003,2003-04-03,"Alan Greenspan",0,0,0,0,0
"Federal Reserve Bank of Atlanta",2003,2003-04-04,"Alan Greenspan",0,0,0,0,0
"Federal Reserve Bank of Atlanta",2003,2003-04-07,"Roger W. Ferguson",0,0,0,0,0
"",2003,2003-04-09,"Roger W. Ferguson",0,0,0,0,0
"",2003,2003-04-09,"Alan Greenspan",0,0,0,0,0
"",2003,2003-04-10,"Mark W. Olson",0,0,0,0,0
"",2003,2003-04-24,"Ben S. Bernanke",0,0,0,0,0
"",2003,2003-04-24,"Edward M. Gramlich",0,0,0,0,0
"World Bank",2003,2003-04-28,"Roger W. Ferguson",0,0,0,0,0
"",2003,2003-05-07,"Susan Schmidt Bies",0,0,0,0,0
"Federal Reserve Bank of Chicago",2003,2003-05-08,"Alan Greenspan",0,0,0,0,0.000525213440319727
"",2003,2003-05-13,"Alan Greenspan",0,0,0,0,0
"",2003,2003-05-16,"Roger W. Ferguson",0,0,0,0,0
"",2003,2003-05-22,"Mark W. Olson",0,0,0,0,0
"",2003,2003-05-30,"Susan Schmidt Bies",0,0,0,0,0
"",2003,2003-05-31,"Ben S. Bernanke",0,0,0,0,0
"",2003,2003-06-10,"Roger W. Ferguson",0,0,0,0,0
"Federal Reserve Bank of Boston",2003,2003-06-10,"Donald L. Kohn",0,0,0,0,0.00418194287322512
"",2003,2003-06-11,"Ben S. Bernanke",0,0,0,0,0
"",2003,2003-06-11,"Roger W. Ferguson",0,0,0,0,0
"American Bankers Association (ABA)",2003,2003-06-11,"Susan Schmidt Bies",0,0,1,0,0
"",2003,2003-06-13,"Edward M. Gramlich",0,0,0,0,0
"",2003,2003-06-16,"Susan Schmidt Bies",0,0,0,0,0
"",2003,2003-06-17,"Roger W. Ferguson",0,0,0,0,0
"",2003,2003-06-20,"Donald L. Kohn",0,0,0,0,0
"",2003,2003-06-26,"Mark W. Olson",0,0,0,0,0
"",2003,2003-07-23,"Ben S. Bernanke",0,0,0,0,0
"Federal Reserve Bank of Chicago",2003,2003-08-07,"Susan Schmidt Bies",0,0,0,0,0.000525213440319727
"",2003,2003-08-10,"Susan Schmidt Bies",0,0,0,0,0
"",2003,2003-08-18,"Edward M. Gramlich",0,0,0,0,0
"Federal Reserve Bank of Kansas City",2003,2003-08-29,"Alan Greenspan",0,0,0,0,0
"",2003,2003-09-04,"Ben S. Bernanke",0,0,0,0,0
"Federal Reserve Bank of Atlanta",2003,2003-09-04,"Edward M. Gramlich",0,0,0,0,0
"",2003,2003-09-22,"Mark W. Olson",0,0,0,0,0
"Federal Reserve Bank of Philadelphia",2003,2003-09-24,"Donald L. Kohn",0,0,0,0,0.00418194287322513
"",2003,2003-09-26,"Alan Greenspan",0,0,0,0,0
"",2003,2003-10-01,"Edward M. Gramlich",0,0,0,0,0
"",2003,2003-10-02,"Ben S. Bernanke",0,0,0,0,0
"",2003,2003-10-08,"Roger W. Ferguson",0,0,0,0,0
"",2003,2003-10-08,"Susan Schmidt Bies",0,0,0,0,0
"Federal Reserve Bank of Boston",2003,2003-10-08,"Roger W. Ferguson",0,0,0,0,0.00418194287322512
"",2003,2003-10-09,"Edward M. Gramlich",0,0,0,0,0
"Federal Reserve Bank of St Louis",2003,2003-10-17,"Donald L. Kohn",0,0,0,0,0.000525213440319722
"Federal Reserve Bank of St Louis",2003,2003-10-17,"Ben S. Bernanke",0,0,0,0,0.000525213440319722
"Federal Reserve Bank of Dallas",2003,2003-10-24,"Ben S. Bernanke",0,0,0,0,0
"",2003,2003-10-29,"Alan Greenspan",0,0,0,0,0
"Federal Reserve Bank of Chicago",2003,2003-10-31,"Susan Schmidt Bies",0,0,0,0,0.000525213440319727
"",2003,2003-11-06,"Ben S. Bernanke",0,0,0,0,0
"Securities Industry and Financial Markets Association (SIFMA)",2003,2003-11-06,"Alan Greenspan",0,0,0,0,0
"",2003,2003-11-13,"Roger W. Ferguson",0,0,0,0,0
"",2003,2003-11-14,"Edward M. Gramlich",0,0,0,0,0
"",2003,2003-11-20,"Alan Greenspan",0,0,0,0,0
"",2003,2003-11-21,"Roger W. Ferguson",0,0,0,0,0
"",2003,2003-11-22,"Mark W. Olson",0,0,0,0,0
"",2003,2003-12-02,"Roger W. Ferguson",0,0,0,0,0
"",2003,2003-12-11,"Alan Greenspan",0,0,0,0,0
"American Economic Association (AEA)",2004,2004-01-03,"Alan Greenspan",0,0,0,0,0
"American Economic Association (AEA)",2004,2004-01-03,"Ben S. Bernanke",0,0,0,0,0
"American Economic Association (AEA)",2004,2004-01-03,"Ben S. Bernanke",0,0,0,0,0
"American Economic Association (AEA)",2004,2004-01-04,"Ben S. Bernanke",0,0,0,0,0
"American Economic Association (AEA)",2004,2004-01-04,"Roger W. Ferguson",0,0,0,0,0
"Federal Reserve Bank of Atlanta",2004,2004-01-07,"Donald L. Kohn",0,0,0,0,0
"Stanford University",2004,2004-01-13,"Alan Greenspan",0,0,0,0,0.00836388574645024
"",2004,2004-01-14,"Ben S. Bernanke",0,0,0,0,0
"",2004,2004-01-26,"Alan Greenspan",0,0,0,0,0
"",2004,2004-02-04,"Susan Schmidt Bies",0.56,0,0,0.56,0
"",2004,2004-02-19,"Susan Schmidt Bies",0,0,0,0,0
"",2004,2004-02-20,"Ben S. Bernanke",0,0,0,0,0
"",2004,2004-02-20,"Alan Greenspan",0,0,0,0,0
"",2004,2004-02-23,"Alan Greenspan",0,0,0,0,0
"",2004,2004-02-25,"Edward M. Gramlich",0,0,0,0,0
"",2004,2004-02-25,"Susan Schmidt Bies",0,0,0,0,0
"",2004,2004-02-26,"Ben S. Bernanke",0,0,0,0,0
"",2004,2004-02-26,"Susan Schmidt Bies",0,0,0,0,0
"",2004,2004-02-27,"Alan Greenspan",0,0,0,0,0
"",2004,2004-02-27,"Mark W. Olson",0.67,0,0,0.67,0
"",2004,2004-03-01,"Mark W. Olson",0,0,0,0,0
"",2004,2004-03-02,"Alan Greenspan",0,0,1,0,0
"",2004,2004-03-02,"Ben S. Bernanke",0,0,0,0,0
"",2004,2004-03-12,"Alan Greenspan",0,0,0,0,0
"",2004,2004-03-17,"Alan Greenspan",0.56,0,0,0.56,0
"",2004,2004-03-25,"Alan Greenspan",0,0,0,0,0
"",2004,2004-03-25,"Alan Greenspan",0,0,0,0,0
"",2004,2004-03-25,"Alan Greenspan",0,0,0,0,0
"",2004,2004-03-25,"Donald L. Kohn",0,0,0,0,0
"Federal Reserve Bank of Kansas City",2004,2004-03-25,"Alan Greenspan",0,0,0,0,0
"National Association for Business Economics",2004,2004-03-25,"Donald L. Kohn",0,0,0,0,0
"",2004,2004-03-26,"Edward M. Gramlich",0,0,0,0,0
"",2004,2004-03-26,"Donald L. Kohn",0,0,0,0,0
"",2004,2004-03-27,"Ben S. Bernanke",0,0,0,0,0
"Duke University",2004,2004-03-30,"Ben S. Bernanke",0,0,0,0,0
"",2004,2004-03-31,"Edward M. Gramlich",0,0,0,0,0
"",2004,2004-04-01,"Ben S. Bernanke",0,0,0,0,0
"",2004,2004-04-01,"Donald L. Kohn",0,0,0,0,0
"Federal Reserve Bank of San Francisco (FRBSF)",2004,2004-04-08,"Roger W. Ferguson",0,0,0,0,0
"",2004,2004-04-15,"Ben S. Bernanke",0,0,0,0,0
"Federal Reserve Bank of Atlanta",2004,2004-04-16,"Alan Greenspan",0,0,0,0,0
"Federal Reserve Bank of Chicago",2004,2004-04-16,"Ben S. Bernanke",0,0,0,0,0.000525213440319717
"",2004,2004-04-22,"Ben S. Bernanke",0.56,0,0,0.56,0
"",2004,2004-04-22,"Susan Schmidt Bies",0,0,0,0,0
"",2004,2004-04-23,"Ben S. Bernanke",0,0,0,0,0
"",2004,2004-04-23,"Roger W. Ferguson",0,0,0,0,0
"",2004,2004-04-26,"Susan Schmidt Bies",0,0,0,0,0
"",2004,2004-04-26,"Mark W. Olson",0,0,0,0,0
"",2004,2004-04-27,"Susan Schmidt Bies",0,0,0,0,0
"",2004,2004-04-27,"Alan Greenspan",0,0,0,0,0
"",2004,2004-05-05,"Mark W. Olson",0,0,0,0,0
"",2004,2004-05-06,"Susan Schmidt Bies",0,0,0,0,0
"Federal Reserve Bank of Chicago",2004,2004-05-06,"Mark W. Olson",0,0,0,0,0.000525213440319717
"Federal Reserve Bank of Chicago",2004,2004-05-06,"Alan Greenspan",0,0,0,0,0.000525213440319717
"Federal Reserve Bank of Chicago",2004,2004-05-13,"Alan Greenspan",0,0,0,0,0.000525213440319717
"",2004,2004-05-14,"Edward M. Gramlich",0,0,0,0,0
"",2004,2004-05-17,"Susan Schmidt Bies",0,0,0,0,0
"",2004,2004-05-17,"Roger W. Ferguson",0,0,0,0,0
"",2004,2004-05-19,"Susan Schmidt Bies",0,0,0,0,0
"",2004,2004-05-20,"Alan Greenspan",0,0,0,0,0
"",2004,2004-05-20,"Edward M. Gramlich",0,0,0,0,0
"Federal Reserve Bank of San Francisco (FRBSF)",2004,2004-05-20,"Ben S. Bernanke",0,0,0,0,0
"",2004,2004-05-21,"Edward M. Gramlich",0,0,0,0,0
"Sidwell Friends School",2004,2004-05-22,"Roger W. Ferguson",0,0,0,0,0
"",2004,2004-06-03,"Susan Schmidt Bies",0,0,0,0,0
"",2004,2004-06-04,"Donald L. Kohn",0,0,0,0,0
"American Bankers Association (ABA)",2004,2004-06-08,"Alan Greenspan",0,0,0,0,0
"",2004,2004-06-10,"Mark W. Olson",0,0,0,0,0
"",2004,2004-06-15,"Mark W. Olson",0,0,0,0,0
"",2004,2004-06-21,"Ben S. Bernanke",0,0,0,0,0
"",2004,2004-06-22,"Susan Schmidt Bies",0,0,0,0,0
"",2004,2004-06-24,"Edward M. Gramlich",0,0,0,0,0
"",2004,2004-07-07,"Roger W. Ferguson",0,0,0,0,0
"",2004,2004-07-15,"Susan Schmidt Bies",0,0,0,0,0
"",2004,2004-07-16,"Susan Schmidt Bies",0,0,0,0,0
"",2004,2004-07-21,"Roger W. Ferguson",0,0,0,0,0
"",2004,2004-08-12,"Edward M. Gramlich",0,0,0,0,0
"Federal Reserve Bank of Chicago",2004,2004-08-12,"Susan Schmidt Bies",0,0,0,0,0.000525213440319717
"Federal Reserve Bank of Kansas City",2004,2004-08-27,"Alan Greenspan",0,0,0,0,0
"",2004,2004-09-10,"Edward M. Gramlich",0,0,0,0,0
"Federal Reserve Bank of Kansas City",2004,2004-09-16,"Edward M. Gramlich",0,0,0,0,0
"",2004,2004-09-28,"Susan Schmidt Bies",0,0,0,0,0
"",2004,2004-09-30,"Susan Schmidt Bies",0.56,0,0,0.56,0
"",2004,2004-10-04,"Ben S. Bernanke",0,0,0,0,0
"American Bankers Association (ABA)",2004,2004-10-05,"Alan Greenspan",0,0,0,0,0
"",2004,2004-10-06,"Roger W. Ferguson",0,0,0,0,0
"",2004,2004-10-07,"Roger W. Ferguson",NA,NA,0,NA,0
"",2004,2004-10-07,"Ben S. Bernanke",0,0,0,0,0
"Federal Reserve Bank of St Louis",2004,2004-10-07,"Alan Greenspan",0,0,0,0,0.000525213440319722
"Federal Reserve Bank of St Louis",2004,2004-10-08,"Roger W. Ferguson",0,0,0,0,0.000525213440319722
"Federal Reserve Bank of St Louis",2004,2004-10-08,"Ben S. Bernanke",0,0,0,0,0.000525213440319722
"",2004,2004-10-14,"Ben S. Bernanke",0,0,0,0,0
"",2004,2004-10-15,"Alan Greenspan",0,0,0,0,0
"European Central Bank",2004,2004-10-15,"Donald L. Kohn",0,0,0,0,0
"",2004,2004-10-19,"Alan Greenspan",0,0,0,0,0
"",2004,2004-10-21,"Susan Schmidt Bies",0,0,0,0,0
"",2004,2004-10-21,"Ben S. Bernanke",0,0,0,0,0
"",2004,2004-10-23,"Susan Schmidt Bies",0,0,0,0,0
"",2004,2004-10-26,"Roger W. Ferguson",0,0,0,0,0
"",2004,2004-10-29,"Roger W. Ferguson",0,0,0,0,0
"Securities Industry and Financial Markets Association (SIFMA)",2004,2004-11-05,"Susan Schmidt Bies",0,0,0,0,0
"",2004,2004-11-15,"Mark W. Olson",0,0,0,0,0
"",2004,2004-11-18,"Susan Schmidt Bies",0,0,0,0,0
"",2004,2004-11-19,"Alan Greenspan",0,0,0,0,0
"",2004,2004-12-02,"Ben S. Bernanke",0,0,0,0,0
"",2004,2004-12-07,"Susan Schmidt Bies",0,0,0,0,0
"",2005,2005-01-06,"Donald L. Kohn",0,0,0,0,0
"",2005,2005-01-07,"Roger W. Ferguson",0,0,0,0,0
"American Economic Association (AEA)",2005,2005-01-07,"Ben S. Bernanke",0,0,0,0,0
"American Economic Association (AEA)",2005,2005-01-09,"Donald L. Kohn",0,0,0,0,0
"",2005,2005-01-12,"Roger W. Ferguson",0,0,0,0,0
"",2005,2005-01-18,"Susan Schmidt Bies",0,0,0,0,0
"",2005,2005-01-19,"Ben S. Bernanke",0,0,0,0,0
"",2005,2005-01-27,"Roger W. Ferguson",0,0,0,0,0
"",2005,2005-02-04,"Alan Greenspan",NA,NA,0,NA,0
"",2005,2005-02-06,"Alan Greenspan",0,0,0,0,0
"",2005,2005-02-07,"Susan Schmidt Bies",0,0,0,0,0
"",2005,2005-02-11,"Ben S. Bernanke",0,0,1,0,0
"",2005,2005-02-24,"Ben S. Bernanke",0,0,0,0,0
"",2005,2005-02-28,"Mark W. Olson",0,0,0,0,0
"",2005,2005-03-02,"Edward M. Gramlich",0,0,0,0,0
"",2005,2005-03-08,"Ben S. Bernanke",0,0,0,0,0
"",2005,2005-03-10,"Alan Greenspan",0,0,0,0,0
"",2005,2005-03-10,"Ben S. Bernanke",0,0,0,0,0
"",2005,2005-03-11,"Alan Greenspan",0.76,0,0,0.76,0
"",2005,2005-03-14,"Susan Schmidt Bies",0,0,0,0,0
"",2005,2005-03-18,"Alan Greenspan",0,0,0,0,0
"",2005,2005-03-30,"Ben S. Bernanke",0,0,0,0,0
"",2005,2005-03-31,"Susan Schmidt Bies",0,0,0,0,0
"",2005,2005-04-05,"Alan Greenspan",0,0,0,0,0
"",2005,2005-04-08,"Alan Greenspan",0,0,0,0,0
"",2005,2005-04-14,"Ben S. Bernanke",0,0,0,0,0
"Federal Reserve Bank of San Francisco (FRBSF)",2005,2005-04-14,"Donald L. Kohn",0,0,0,0,0
"",2005,2005-04-18,"Susan Schmidt Bies",0,0,0,0,0
"University of North Carolina, Chapel Hill",2005,2005-04-20,"Roger W. Ferguson",0,0,0,0,0
"",2005,2005-04-21,"Edward M. Gramlich",0,0,0,0,0
"Bard College",2005,2005-04-22,"Donald L. Kohn",0,0,0,0,0
"European Central Bank",2005,2005-04-27,"Roger W. Ferguson",0,0,0,0,0
"Federal Reserve Bank of Chicago",2005,2005-05-05,"Alan Greenspan",0,0,0,0,0.000525213440319699
"",2005,2005-05-12,"Roger W. Ferguson",0,0,0,0,0
"",2005,2005-05-15,"Alan Greenspan",0,0,0,0,0
"",2005,2005-05-16,"Mark W. Olson",0,0,0,0,0
"",2005,2005-05-17,"Susan Schmidt Bies",0,0,0,0,0
"",2005,2005-05-19,"Susan Schmidt Bies",0,0,0,0,0
"Federal Reserve Bank of Atlanta",2005,2005-05-19,"Alan Greenspan",0,0,0,0,0
"Federal Reserve Bank of Chicago",2005,2005-05-19,"Mark W. Olson",0,0,0,0,0.000525213440319699
"",2005,2005-05-20,"Donald L. Kohn",0,0,0,0,0
"",2005,2005-05-20,"Alan Greenspan",0,0,1,0,0
"",2005,2005-05-26,"Edward M. Gramlich",0,0,0,0,0
"",2005,2005-05-26,"Susan Schmidt Bies",0,0,0,0,0
"",2005,2005-05-27,"Roger W. Ferguson",0,0,0,0,0
"",2005,2005-06-03,"Mark W. Olson",0,0,0,0,0
"",2005,2005-06-03,"Edward M. Gramlich",0,0,0,0,0
"American Bankers Association (ABA)",2005,2005-06-06,"Alan Greenspan",0,0,0,0,0
"American Bankers Association (ABA)",2005,2005-06-07,"Susan Schmidt Bies",0,0,1,0,0
"",2005,2005-06-08,"Susan Schmidt Bies",0,0,0,0,0
"",2005,2005-06-14,"Susan Schmidt Bies",0,0,0,0,0
"",2005,2005-06-15,"Donald L. Kohn",0,0,0,0,0
"",2005,2005-06-23,"Mark W. Olson",0,0,0,0,0
"",2005,2005-07-21,"Donald L. Kohn",0,0,0,0,0
"Federal Reserve Bank of Kansas City",2005,2005-08-26,"Alan Greenspan",0,0,0,0,0
"Federal Reserve Bank of Kansas City",2005,2005-08-27,"Alan Greenspan",0,0,0,0,0
"Federal Reserve Bank of Kansas City",2005,2005-08-27,"Donald L. Kohn",0,0,0,0,0
"",2005,2005-09-16,"Mark W. Olson",0,0,0,0,0
"",2005,2005-09-24,"Roger W. Ferguson",0,0,0,0,0
"",2005,2005-09-26,"Susan Schmidt Bies",0,0,0,0,0
"American Bankers Association (ABA)",2005,2005-09-26,"Alan Greenspan",0,0,0,0,0
"National Association for Business Economics",2005,2005-09-27,"Alan Greenspan",0,0,1,0,0
"",2005,2005-09-28,"Roger W. Ferguson",0,0,0,0,0
"",2005,2005-09-29,"Donald L. Kohn",0,0,0,0,0
"",2005,2005-10-11,"Donald L. Kohn",0,0,0,0,0
"",2005,2005-10-12,"Mark W. Olson",0,0,0,0,0
"",2005,2005-10-12,"Susan Schmidt Bies",0,0,0,0,0
"",2005,2005-10-12,"Alan Greenspan",0,0,0,0,0
"",2005,2005-10-13,"Mark W. Olson",0,0,0,0,0
"",2005,2005-10-17,"Alan Greenspan",0,0,0,0,0
"",2005,2005-10-18,"Roger W. Ferguson",0,0,0,0,0
"",2005,2005-10-19,"Donald L. Kohn",0,0,0,0,0
"",2005,2005-10-26,"Alan Greenspan",0,0,0,0,0
"Federal Reserve Bank of Dallas",2005,2005-10-27,"Alan Greenspan",0,0,0,0,0
"",2005,2005-11-03,"Roger W. Ferguson",0,0,0,0,0
"",2005,2005-11-07,"Mark W. Olson",0,0,0,0,0
"",2005,2005-11-14,"Alan Greenspan",0,0,0,0,0
"",2005,2005-11-15,"Roger W. Ferguson",0,0,0,0,0
"",2005,2005-11-15,"Mark W. Olson",0,0,0,0,0
"",2005,2005-11-28,"Roger W. Ferguson",0,0,0,0,0
"",2005,2005-11-29,"Roger W. Ferguson",0,0,0,0,0
"",2005,2005-11-30,"Susan Schmidt Bies",0,0,0,0,0
"",2005,2005-12-02,"Alan Greenspan",NA,NA,0,NA,0
"Federal Reserve Bank of Philadelphia",2005,2005-12-02,"Alan Greenspan",0,0,0,0,0.0041819428732251
"",2005,2005-12-05,"Mark W. Olson",0,0,0,0,0
"",2005,2005-12-06,"Susan Schmidt Bies",0,0,0,0,0
"New York University (NYU)",2005,2005-12-14,"Alan Greenspan",0,0,1,0,0
"",2006,2006-01-18,"Susan Schmidt Bies",0,0,0,0,0
"",2006,2006-02-02,"Susan Schmidt Bies",0,0,0,0,0
"",2006,2006-02-06,"Ben S. Bernanke",0,0,0,0,0
"",2006,2006-02-23,"Roger W. Ferguson",0,0,0,0,0
"",2006,2006-02-24,"Ben S. Bernanke",0,0,0,0,0
"Johns Hopkins University",2006,2006-02-24,"Roger W. Ferguson",0,0,0,0,0
"",2006,2006-03-03,"Roger W. Ferguson",0,0,0,0,0
"",2006,2006-03-08,"Ben S. Bernanke",0.76,0,0,0.76,0
"",2006,2006-03-10,"Roger W. Ferguson",0,0,0,0,0
"",2006,2006-03-13,"Mark W. Olson",0,0,0,0,0
"European Central Bank",2006,2006-03-16,"Donald L. Kohn",0,0,0,0,0
"",2006,2006-03-20,"Ben S. Bernanke",0,0,0,0,0
"",2006,2006-03-29,"Susan Schmidt Bies",0,0,0,0,0
"",2006,2006-03-31,"Susan Schmidt Bies",0,0,0,0,0
"",2006,2006-03-31,"Roger W. Ferguson",0,0,0,0,0
"European Central Bank",2006,2006-04-03,"Randall S. Kroszner",0,0,0,0,0
"Federal Reserve Bank of Chicago",2006,2006-04-03,"Randall S. Kroszner",0,0,0,0,0.000557396057082691
"",2006,2006-04-05,"Ben S. Bernanke",0,0,0,0,0
"London School of Economics (LSE)",2006,2006-04-06,"Randall S. Kroszner",0,0,0,0,0
"",2006,2006-04-10,"Susan Schmidt Bies",0,0,0,0,0
"",2006,2006-04-10,"Mark W. Olson",0,0,0,0,0
"",2006,2006-04-13,"Mark W. Olson",0,0,0,0,0
"Federal Reserve Bank of Kansas City",2006,2006-04-13,"Donald L. Kohn",0,0,0,0,0
"Federal Reserve Bank of Atlanta",2006,2006-04-17,"Roger W. Ferguson",0,0,0,0,0
"",2006,2006-04-20,"Ben S. Bernanke",0,0,0,0,0
"",2006,2006-04-27,"Donald L. Kohn",0,0,0,0,0
"",2006,2006-04-28,"Susan Schmidt Bies",0,0,0,0,0
"",2006,2006-05-03,"Ben S. Bernanke",0,0,0,0,0
"",2006,2006-05-04,"Susan Schmidt Bies",0,0,0,0,0
"Federal Reserve Bank of Chicago",2006,2006-05-11,"Donald L. Kohn",0,0,0,0,0.000557396057082691
"",2006,2006-05-16,"Mark W. Olson",0,0,0,0,0
"",2006,2006-05-16,"Susan Schmidt Bies",0,0,0,0,0
"Federal Reserve Bank of Atlanta",2006,2006-05-16,"Ben S. Bernanke",0,0,0,0,0
"Federal Reserve Bank of Chicago",2006,2006-05-18,"Ben S. Bernanke",0,0,0,0,0.000557396057082691
"Federal Reserve Bank of New York",2006,2006-05-18,"Donald L. Kohn",0,0,0,0,0.0127036804600013
"National Association for Business Economics",2006,2006-05-24,"Randall S. Kroszner",0,0,0,0,0
"",2006,2006-05-25,"Mark W. Olson",0,0,0,0,0
"American Bankers Association (ABA)",2006,2006-06-05,"Ben S. Bernanke",0,0,0,0,0
"",2006,2006-06-06,"Susan Schmidt Bies",0,0,0,0,0
"Massachusetts Institute of Technology (MIT)",2006,2006-06-09,"Ben S. Bernanke",0,0,1,0,0
"",2006,2006-06-12,"Ben S. Bernanke",0,0,0,0,0
"",2006,2006-06-12,"Mark W. Olson",0,0,1,0,0
"",2006,2006-06-12,"Susan Schmidt Bies",0,0,0,0,0
"",2006,2006-06-13,"Ben S. Bernanke",NA,NA,0,NA,0
"",2006,2006-06-14,"Susan Schmidt Bies",0.19,0,0,0.19,0
"",2006,2006-06-15,"Ben S. Bernanke",0,0,0,0,0
"",2006,2006-06-15,"Randall S. Kroszner",0,0,0,0,0
"",2006,2006-06-16,"Randall S. Kroszner",0,0,0,0,0
"Federal Reserve Bank of Boston",2006,2006-06-16,"Donald L. Kohn",0,0,0,0,0.00423456015333376
"",2006,2006-07-04,"Susan Schmidt Bies",NA,NA,0,NA,0
"",2006,2006-07-06,"Donald L. Kohn",0,0,0,0,0
"",2006,2006-07-18,"Kevin Warsh",0,0,0,0,0
"Federal Reserve Bank of Kansas City",2006,2006-08-25,"Ben S. Bernanke",0,0,0,0,0
"",2006,2006-08-31,"Ben S. Bernanke",0,0,0,0,0
"",2006,2006-09-01,"Ben S. Bernanke",0,0,0,0,0
"",2006,2006-09-11,"Donald L. Kohn",0,0,0,0,0
"",2006,2006-09-27,"Randall S. Kroszner",0,0,0,0,0
"",2006,2006-10-04,"Donald L. Kohn",0,0,0,0,0
"",2006,2006-10-04,"Ben S. Bernanke",0,0,0,0,0
"",2006,2006-10-11,"Susan Schmidt Bies",0,0,0,0,0
"",2006,2006-10-12,"Frederic S. Mishkin",0,0,0,0,0
"American Bankers Association (ABA)",2006,2006-10-16,"Ben S. Bernanke",0,0,0,0,0
"American Bankers Association (ABA)",2006,2006-10-17,"Susan Schmidt Bies",0,0,1,0,0
"",2006,2006-11-01,"Ben S. Bernanke",0,0,0,0,0
"",2006,2006-11-02,"Susan S. Bies",0,0,0,0,0
"",2006,2006-11-03,"Donald L. Kohn",0,0,0,0,0
"",2006,2006-11-10,"Ben S. Bernanke",0,0,0,0,0
"",2006,2006-11-16,"Randall S. Kroszner",0,0,0,0,0
"New York Stock Exchange (NYSE) Inc",2006,2006-11-21,"Kevin Warsh",0,0,0,0,0
"",2006,2006-11-28,"Ben S. Bernanke",0,0,0,0,0
"",2006,2006-11-30,"Susan Schmidt Bies",0,0,0,0,0
"",2006,2006-12-01,"Donald L. Kohn",0,0,0,0,0
"",2006,2006-12-01,"Ben S. Bernanke",0,0,0,0,0
"",2006,2006-12-15,"Ben S. Bernanke",0,0,0,0,0
"",2007,2007-01-05,"Ben S. Bernanke",0,0,0,0,0
"",2007,2007-01-08,"Donald L. Kohn",0,0,0,0,0
"",2007,2007-01-11,"Susan Schmidt Bies",0,0,0,0,0
"",2007,2007-01-17,"Frederic S. Mishkin",0,0,0,0,0
"",2007,2007-01-18,"Susan Schmidt Bies",0,0,0,0,0
"",2007,2007-02-06,"Ben S. Bernanke",0,0,0,0,0
"",2007,2007-02-21,"Donald L. Kohn",0,0,0,0,0
"",2007,2007-02-26,"Susan Schmidt Bies",0,0,0,0,0
"",2007,2007-03-02,"Ben S. Bernanke",0,0,1,0,0
"",2007,2007-03-05,"Randall S. Kroszner",0,0,0,0,0
"",2007,2007-03-05,"Kevin Warsh",0,0,0,0,0
"",2007,2007-03-06,"Ben S. Bernanke",0.45,0,0,0.45,0
"",2007,2007-03-09,"Donald L. Kohn",0,0,0,0,0
"",2007,2007-03-09,"Randall S. Kroszner",0,0,0,0,0
"National Association for Business Economics",2007,2007-03-12,"Randall S. Kroszner",0,0,0,0,0
"",2007,2007-03-22,"Donald L. Kohn",0,0,0,0,0
"Federal Reserve Bank of Richmond (FRBR)",2007,2007-03-22,"Randall S. Kroszner",0,0,0,0,0
"Federal Reserve Bank of San Francisco (FRBSF)",2007,2007-03-23,"Frederic S. Mishkin",0,0,0,0,0
"",2007,2007-03-30,"Ben S. Bernanke",0,0,0,0,0
"",2007,2007-04-10,"Frederic S. Mishkin",0,0,0,0,0
"New York University (NYU)",2007,2007-04-11,"Ben S. Bernanke",0,0,1,0,0
"Bard College",2007,2007-04-20,"Frederic S. Mishkin",0,0,0,0,0
"",2007,2007-04-25,"Ben S. Bernanke",0,0,0,0,0
"",2007,2007-04-26,"Frederic S. Mishkin",0,0,0,0,0
"",2007,2007-05-01,"Ben S. Bernanke",0,0,0,0,0
"Federal Reserve Bank of Chicago",2007,2007-05-10,"Randall S. Kroszner",0,0,0,0,0.00277218009720345
"",2007,2007-05-15,"Randall S. Kroszner",0,0,0,0,0
"Federal Reserve Bank of Atlanta",2007,2007-05-15,"Ben S. Bernanke",0,0,0,0,0
"",2007,2007-05-16,"Randall S. Kroszner",0,0,0,0,0
"Federal Reserve Bank of Atlanta",2007,2007-05-16,"Donald L. Kohn",0,0,0,0,0
"Federal Reserve Bank of Chicago",2007,2007-05-17,"Ben S. Bernanke",0,0,0,0,0.00277218009720345
"Princeton University",2007,2007-05-22,"Ben S. Bernanke",0,0,1,0,0.54075059105527
"",2007,2007-05-23,"Randall S. Kroszner",0,0,0,0,0
"Federal Reserve Bank of Dallas",2007,2007-05-24,"Frederic S. Mishkin",0,0,0,0,0
"",2007,2007-06-01,"Randall S. Kroszner",0,0,0,0,0
"",2007,2007-06-05,"Kevin Warsh",0,0,0,0,0
"American Bankers Association (ABA)",2007,2007-06-05,"Ben S. Bernanke",0.55,0,0,0.55,0
"",2007,2007-06-14,"Randall S. Kroszner",0,0,0,0,0
"Federal Reserve Bank of Atlanta",2007,2007-06-15,"Ben S. Bernanke",0,0,0,0,0
"Duke University",2007,2007-06-23,"Frederic S. Mishkin",0,0,0,0,0
"National Bureau of Economic Research (NBER) (USA)",2007,2007-07-10,"Ben S. Bernanke",0,0,1,0,0
"",2007,2007-07-12,"Randall S. Kroszner",0,0,0,0,0
"",2007,2007-08-01,"Randall S. Kroszner",0,0,0,0,0
"Federal Reserve Bank of Kansas City",2007,2007-08-31,"Ben S. Bernanke",0,0,0,0,0
"Federal Reserve Bank of Kansas City",2007,2007-09-01,"Frederic S. Mishkin",0,0,0,0,0
"Federal Reserve Bank of San Francisco (FRBSF)",2007,2007-09-06,"Randall S. Kroszner",0,0,0,0,0
"",2007,2007-09-10,"Frederic S. Mishkin",0,0,0,0,0
"",2007,2007-09-11,"Ben S. Bernanke",0,0,0,0,0
"",2007,2007-09-21,"Donald L. Kohn",0,0,0,0,0
"",2007,2007-09-21,"Frederic S. Mishkin",0,0,0,0,0
"",2007,2007-09-21,"Kevin Warsh",0,0,0,0,0
"",2007,2007-09-24,"Ben S. Bernanke",0,0,0,0,0
"",2007,2007-09-27,"Frederic S. Mishkin",0,0,0,0,0
"",2007,2007-09-28,"Frederic S. Mishkin",0,0,0,0,0
"",2007,2007-10-05,"Donald L. Kohn",0,0,0,0,0
"",2007,2007-10-05,"Kevin Warsh",0,0,0,0,0
"",2007,2007-10-11,"Randall S. Kroszner",0,0,0,0,0
"Federal Reserve Bank of Dallas",2007,2007-10-12,"Ben S. Bernanke",0,0,0,0,0
"Federal Reserve Bank of Dallas",2007,2007-10-12,"Donald L. Kohn",0,0,0,0,0
"",2007,2007-10-15,"Ben S. Bernanke",0,0,0,0,0
"Federal Reserve Bank of St Louis",2007,2007-10-19,"Ben S. Bernanke",0,0,0,0,0.00277218009720344
"",2007,2007-10-20,"Frederic S. Mishkin",0,0,0,0,0
"",2007,2007-10-22,"Randall S. Kroszner",0,0,0,0,0
"",2007,2007-10-26,"Frederic S. Mishkin",0,0,0,0,0
"",2007,2007-11-05,"Randall S. Kroszner",0,0,0,0,0
"",2007,2007-11-05,"Frederic S. Mishkin",0,0,0,0,0
"",2007,2007-11-06,"Ben S. Bernanke",0,0,0,0,0
"",2007,2007-11-07,"Kevin Warsh",0,0,0,0,0
"",2007,2007-11-13,"Randall S. Kroszner",0,0,0,0,0
"",2007,2007-11-14,"Ben S. Bernanke",0,0,0,0,0
"",2007,2007-11-16,"Randall S. Kroszner",0,0,0,0,0
"",2007,2007-11-28,"Donald L. Kohn",0,0,0,0,0
"",2007,2007-11-29,"Frederic S. Mishkin",0,0,0,0,0
"",2007,2007-11-29,"Ben S. Bernanke",0,0,0,0,0
"Federal Reserve Bank of Philadelphia",2007,2007-11-30,"Randall S. Kroszner",0,0,0,0,0.0772500844364671
"American Economic Association (AEA)",2008,2008-01-04,"Donald L. Kohn",0,0,0,0,0
"National Association for Business Economics",2008,2008-01-05,"Donald L. Kohn",0,0,0,0,0
"",2008,2008-01-10,"Ben S. Bernanke",0,0,0,0,0
"Federal Reserve Bank of New York",2008,2008-01-11,"Frederic S. Mishkin",0,0,0,0,0.23188662930843
"",2008,2008-02-04,"Randall S. Kroszner",0,0,0,0,0
"",2008,2008-02-15,"Frederic S. Mishkin",0,0,0,0,0
"",2008,2008-02-25,"Frederic S. Mishkin",0,0,0,0,0
"",2008,2008-02-25,"Randall S. Kroszner",0,0,0,0,0
"",2008,2008-02-26,"Donald L. Kohn",0,0,0,0,0
"",2008,2008-02-27,"Frederic S. Mishkin",0,0,0,0,0
"",2008,2008-02-29,"Frederic S. Mishkin",0,0,0,0,0
"",2008,2008-03-03,"Randall S. Kroszner",0,0,0,0,0
"",2008,2008-03-04,"Ben S. Bernanke",0.45,0,0,0.45,0
"National Association for Business Economics",2008,2008-03-04,"Frederic S. Mishkin",0,0,0,0,0
"",2008,2008-03-07,"Donald L. Kohn",0,0,0,0,0
"",2008,2008-03-07,"Frederic S. Mishkin",0,0,0,0,0
"American Bankers Association (ABA)",2008,2008-03-11,"Randall S. Kroszner",0.55,0,0,0.55,0
"",2008,2008-03-14,"Ben S. Bernanke",0,0,0,0,0
"",2008,2008-03-27,"Randall S. Kroszner",0,0,0,0,0
"",2008,2008-03-27,"Frederic S. Mishkin",0,0,0,0,0
"Princeton University",2008,2008-04-03,"Frederic S. Mishkin",0,0,0,0,0.54106880171967
"",2008,2008-04-04,"Randall S. Kroszner",0,0,0,0,0
"Federal Reserve Bank of San Francisco (FRBSF)",2008,2008-04-07,"Donald L. Kohn",0,0,0,0,0
"",2008,2008-04-09,"Ben S. Bernanke",0,0,0,0,0
"",2008,2008-04-10,"Ben S. Bernanke",0,0,0,0,0
"New York University (NYU)",2008,2008-04-14,"Kevin Warsh",0,0,0,0,0
"Federal Reserve Bank of Richmond (FRBR)",2008,2008-04-17,"Donald L. Kohn",0,0,0,0,0
"",2008,2008-04-21,"Randall S. Kroszner",0,0,0,0,0
"",2008,2008-05-05,"Ben S. Bernanke",0,0,0,0,0
"",2008,2008-05-07,"Randall S. Kroszner",0,0,0,0,0
"Federal Reserve Bank of Atlanta",2008,2008-05-13,"Ben S. Bernanke",0,0,0,0,0
"Federal Reserve Bank of Boston",2008,2008-05-14,"Randall S. Kroszner",0,0,0,0,0.0772955431028099
"",2008,2008-05-15,"Frederic S. Mishkin",0,0,0,0,0
"Federal Reserve Bank of Chicago",2008,2008-05-15,"Ben S. Bernanke",0,0,0,0,0
"",2008,2008-05-20,"Donald L. Kohn",0,0,0,0,0
"",2008,2008-05-21,"Kevin Warsh",0,0,0,0,0
"",2008,2008-05-22,"Randall S. Kroszner",0,0,0,0,0
"",2008,2008-05-29,"Donald L. Kohn",0,0,0,0,0
"Federal Reserve Bank of Atlanta",2008,2008-05-29,"Ben S. Bernanke",0,0,0,0,0
"Federal Reserve Bank of New York",2008,2008-05-29,"Donald L. Kohn",0,0,0,0,0.23188662930843
"American Bankers Association (ABA)",2008,2008-06-03,"Ben S. Bernanke",0.55,0,0,0.55,0
"Harvard University",2008,2008-06-04,"Ben S. Bernanke",0.29,0,1,0.29,0.0815473991143609
"",2008,2008-06-06,"Randall S. Kroszner",0,0,0,0,0
"Federal Reserve Bank of Boston",2008,2008-06-09,"Ben S. Bernanke",0,0,0,0,0.0772955431028099
"",2008,2008-06-11,"Randall S. Kroszner",0,0,0,0,0
"Federal Reserve Bank of Boston",2008,2008-06-11,"Donald L. Kohn",0,0,0,0,0.0772955431028099
"Federal Reserve Bank of Kansas City",2008,2008-06-12,"Ben S. Bernanke",0,0,0,0,0
"",2008,2008-06-16,"Ben S. Bernanke",0,0,0,0,0
"",2008,2008-06-26,"Donald L. Kohn",0,0,0,0,0
"",2008,2008-07-02,"Frederic S. Mishkin",0,0,0,0,0
"",2008,2008-07-08,"Ben S. Bernanke",0,0,0,0,0
"",2008,2008-07-17,"Randall S. Kroszner",0,0,0,0,0
"",2008,2008-07-28,"Frederic S. Mishkin",0,0,0,0,0
"US Department of the Treasury",2008,2008-07-28,"Kevin Warsh",0,0,0,0,0
"US Department of the Treasury",2008,2008-08-22,"Ben S. Bernanke",0,0,0,0,0
"",2008,2008-09-01,"Randall S. Kroszner",0,0,0,0,0
"",2008,2008-09-09,"Ben S. Bernanke",0,0,0,0,0
"Brookings Institution (BI)",2008,2008-09-11,"Donald L. Kohn",0,0,0,0,0
"National Association for Business Economics",2008,2008-10-07,"Ben S. Bernanke",0,0,0,0,0
"",2008,2008-10-14,"Ben S. Bernanke",0,0,0,0,0
"",2008,2008-10-15,"Ben S. Bernanke",0,0,0,0,0
"Georgetown University",2008,2008-10-15,"Donald L. Kohn",0,0,0,0,0
"",2008,2008-10-20,"Randall S. Kroszner",0,0,0,0,0
"",2008,2008-10-31,"Ben S. Bernanke",0,0,0,0,0
"",2008,2008-11-06,"Kevin Warsh",0,0,0,0,0
"",2008,2008-11-12,"Donald L. Kohn",0,0,0,0,0
"European Central Bank",2008,2008-11-14,"Ben S. Bernanke",0,0,0,0,0
"",2008,2008-11-19,"Donald L. Kohn",0,0,0,0,0
"",2008,2008-12-01,"Ben S. Bernanke",0,0,0,0,0
"",2008,2008-12-03,"Randall S. Kroszner",0,0,0,0,0
"",2008,2008-12-04,"Ben S. Bernanke",0,0,0,0,0
"",2008,2008-12-04,"Randall S. Kroszner",0,0,0,0,0
"",2008,2008-12-08,"Randall S. Kroszner",0,0,0,0,0
"",2008,2008-12-08,"Donald L. Kohn",0,0,0,0,0
"London School of Economics (LSE)",2009,2009-01-13,"Ben S. Bernanke",0,0,0,0,0
"",2009,2009-02-11,"Elizabeth A. Duke",0,0,0,0,0
"American Bankers Association (ABA)",2009,2009-02-16,"Elizabeth A. Duke",0.27,0,1,0.27,0
"",2009,2009-02-18,"Ben S. Bernanke",0,0,0,0,0
"Federal Reserve Bank of Boston",2009,2009-02-24,"Elizabeth A. Duke",0,0,0,0,0.0761190880323971
"Federal Reserve Bank of San Francisco (FRBSF)",2009,2009-02-24,"Elizabeth A. Duke",0,0,0,0,0
"",2009,2009-03-07,"Ben S. Bernanke",0,0,0,0,0
"",2009,2009-03-10,"Ben S. Bernanke",0,0,0,0,0
"",2009,2009-03-20,"Ben S. Bernanke",0.78,0.53,0,1.31,0
"",2009,2009-03-30,"Elizabeth A. Duke",0,0,0,0,0
"",2009,2009-04-03,"Donald L. Kohn",0,0,0,0,0
"Federal Reserve Bank of Richmond (FRBR)",2009,2009-04-03,"Ben S. Bernanke",0,0,0,0,0
"",2009,2009-04-06,"Kevin Warsh",0,0,0,0,0
"",2009,2009-04-14,"Ben S. Bernanke",0,0,0,0,0
"",2009,2009-04-17,"Ben S. Bernanke",0,0,0,0,0
"",2009,2009-04-18,"Donald L. Kohn",0,0,0,0,0
"",2009,2009-04-20,"Donald L. Kohn",0,0,0,0,0
"Federal Reserve Bank of Chicago",2009,2009-05-07,"Ben S. Bernanke",0,0,0,0,0
"Federal Reserve Bank of Atlanta",2009,2009-05-11,"Ben S. Bernanke",0,0,0,0,0
"",2009,2009-05-22,"Ben S. Bernanke",0,0,0,0,0
"Princeton University",2009,2009-05-23,"Donald L. Kohn",0,0,0,0,0.542470898926069
"",2009,2009-06-04,"Ben S. Bernanke",0,0,0,0,0
"",2009,2009-06-04,"Ben S. Bernanke",0,0,0,0,0
"",2009,2009-06-08,"Daniel K. Tarullo",0,0,0,0,0
"",2009,2009-06-10,"Elizabeth A. Duke",0,0,0,0,0
"",2009,2009-06-15,"Daniel K. Tarullo",0,0,0,0,0
"",2009,2009-06-15,"Elizabeth A. Duke",0,0,0,0,0
"",2009,2009-06-16,"Kevin Warsh",0,0,0,0,0
"",2009,2009-06-17,"Ben S. Bernanke",0,0,0,0,0
"",2009,2009-06-26,"Ben S. Bernanke",0,0,0,0,0
"",2009,2009-07-09,"Elizabeth A. Duke",0,0,0,0,0
"Bank for International Settlements (BIS)",2009,2009-07-10,"Donald L. Kohn",0,0,1,0,0
"Federal Reserve Bank of Kansas City",2009,2009-08-21,"Brian F. Madigan",0,0,0,0,0
"Federal Reserve Bank of Kansas City",2009,2009-08-21,"Ben S. Bernanke",0,0,0,0,0
"",2009,2009-08-25,"Daniel K. Tarullo",0,0,0,0,0
"Brookings Institution (BI)",2009,2009-09-10,"Donald L. Kohn",0,0,0,0,0
"",2009,2009-09-14,"Elizabeth A. Duke",0,0,0,0,0
"Brookings Institution (BI)",2009,2009-09-15,"Ben S. Bernanke",0,0,0,0,0
"",2009,2009-09-25,"Ben S. Bernanke",0,0,0,0,0
"Federal Reserve Bank of Chicago",2009,2009-09-25,"Kevin Warsh",0,0,0,0,0
"",2009,2009-09-30,"Donald L. Kohn",0,0,0,0,0
"",2009,2009-10-08,"Ben S. Bernanke",0,0,0,0,0
"",2009,2009-10-08,"Daniel K. Tarullo",0,0,0,0,0
"",2009,2009-10-09,"Donald L. Kohn",0,0,0,0,0
"National Association for Business Economics",2009,2009-10-13,"Donald L. Kohn",0,0,0,0,0
"Federal Reserve Bank of San Francisco (FRBSF)",2009,2009-10-19,"Ben S. Bernanke",0,0,0,0,0
"",2009,2009-10-21,"Daniel K. Tarullo",0,0,0,0,0
"Federal Reserve Bank of Boston",2009,2009-10-23,"Ben S. Bernanke",0,0,0,0,0.0761190880323971
"Federal Reserve Bank of Boston",2009,2009-10-23,"Donald L. Kohn",0,0,0,0,0.0761190880323971
"",2009,2009-11-02,"Daniel K. Tarullo",0,0,0,0,0
"New York University (NYU)",2009,2009-11-09,"Daniel K. Tarullo",0,0,0,0,0
"",2009,2009-11-10,"Daniel K. Tarullo",0,0,0,0,0
"",2009,2009-11-16,"Ben S. Bernanke",0,0,0,0,0
"",2009,2009-11-16,"Donald L. Kohn",0,0,0,0,0
"",2009,2009-12-07,"Ben S. Bernanke",0,0,0,0,0
"",2009,2009-12-09,"Elizabeth A. Duke",0,0,0,0,0
"Federal Reserve Bank of Boston",2009,2009-12-10,"Elizabeth A. Duke",0,0,0,0,0.0761190880323971
"American Economic Association (AEA)",2010,2010-01-03,"Donald L. Kohn",0,0,0,0,0.231588325511663
"American Economic Association (AEA)",2010,2010-01-03,"Ben S. Bernanke",0,0,0,0,0.231588325511663
"",2010,2010-01-04,"Elizabeth A. Duke",0,0,0,0,0
"",2010,2010-01-29,"Donald L. Kohn",0,0,0,0,0
"",2010,2010-02-03,"Ben S. Bernanke",0,0,0,0,0
"",2010,2010-02-03,"Kevin Warsh",0,0,0,0,0
"",2010,2010-02-18,"Elizabeth A. Duke",0,0,1,0,0
"",2010,2010-02-26,"Daniel K. Tarullo",0,0,0,0,0
"Harvard University",2010,2010-03-18,"Daniel K. Tarullo",0.15,0,1,0.15,0.102976597312268
"",2010,2010-03-20,"Ben S. Bernanke",0.78,0.53,0,1.31,0
"",2010,2010-03-24,"Donald L. Kohn",0,0,0,0,0
"",2010,2010-03-26,"Daniel K. Tarullo",0,0,0,0,0
"",2010,2010-03-26,"Kevin Warsh",0,0,0,0,0
"",2010,2010-03-31,"Elizabeth A. Duke",0,0,0,0,0
"",2010,2010-04-07,"Ben S. Bernanke",0,0,0,0,0
"",2010,2010-04-08,"Ben S. Bernanke",0,0,0,0,0
"",2010,2010-04-08,"Elizabeth A. Duke",0,0,0,0,0
"Federal Reserve Bank of San Francisco (FRBSF)",2010,2010-04-08,"Daniel K. Tarullo",0,0,0,0,0
"Federal Reserve Bank of San Francisco (FRBSF)",2010,2010-04-08,"Donald L. Kohn",0,0,0,0,0
"",2010,2010-04-13,"Daniel K. Tarullo",0,0,0,0,0
"",2010,2010-04-13,"Ben S. Bernanke",0,0,0,0,0
"",2010,2010-04-19,"Elizabeth A. Duke",0,0,0,0,0
"",2010,2010-04-21,"Ben S. Bernanke",0,0,0,0,0
"",2010,2010-04-27,"Ben S. Bernanke",0,0,0,0,0
"",2010,2010-05-01,"Elizabeth A. Duke",0,0,0,0,0
"Federal Reserve Bank of Chicago",2010,2010-05-06,"Ben S. Bernanke",0,0,0,0,0
"",2010,2010-05-08,"Ben S. Bernanke",0,0,0,0,0
"",2010,2010-05-11,"Donald L. Kohn",0,0,0,0,0
"",2010,2010-05-13,"Donald L. Kohn",0,0,0,0,0
"",2010,2010-05-25,"Ben S. Bernanke",0,0,0,0,0
"",2010,2010-05-30,"Ben S. Bernanke",0,0,0,0,0
"",2010,2010-06-03,"Ben S. Bernanke",0,0,0,0,0
"",2010,2010-06-08,"Elizabeth A. Duke",0,0,0,0,0
"Federal Reserve Bank of Richmond (FRBR)",2010,2010-06-09,"Ben S. Bernanke",0,0,0,0,0
"",2010,2010-06-16,"Ben S. Bernanke",0,0,0,0,0
"",2010,2010-06-28,"Kevin Warsh",0,0,0,0,0
"",2010,2010-06-30,"Elizabeth A. Duke",0,0,0,0,0
"",2010,2010-07-12,"Ben S. Bernanke",0,0,0,0,0
"",2010,2010-07-12,"Elizabeth A. Duke",0,0,0,0,0
"",2010,2010-07-15,"Elizabeth A. Duke",0,0,0,0,0
"",2010,2010-08-02,"Ben S. Bernanke",0,0,0,0,0
"Federal Reserve Bank of Kansas City",2010,2010-08-27,"Ben S. Bernanke",0,0,0,0,0
"",2010,2010-09-01,"Elizabeth A. Duke",0,0,0,0,0
"Brookings Institution (BI)",2010,2010-09-17,"Daniel K. Tarullo",0,0,0,0,0
"",2010,2010-09-24,"Elizabeth A. Duke",0,0,0,0,0
"Princeton University",2010,2010-09-24,"Ben S. Bernanke",0,0,0,0,0.232918161510295
"",2010,2010-09-30,"Ben S. Bernanke",0,0,0,0,0
"",2010,2010-10-04,"Ben S. Bernanke",0,0,0,0,0
"National Association for Business Economics",2010,2010-10-11,"Janet L. Yellen",0,0,0,0,0
"Federal Reserve Bank of Boston",2010,2010-10-15,"Ben S. Bernanke",0,0,0,0,0.0323928761616153
"",2010,2010-10-19,"Ben S. Bernanke",0,0,0,0,0
"New York University (NYU)",2010,2010-10-19,"Elizabeth A. Duke",0,0,0,0,0
"",2010,2010-10-25,"Ben S. Bernanke",0,0,0,0,0
"",2010,2010-10-25,"Ben S. Bernanke",0,0,0,0,0
"Securities Industry and Financial Markets Association (SIFMA)",2010,2010-11-08,"Kevin Warsh",0,0,0,0,0
"",2010,2010-11-12,"Daniel K. Tarullo",0,0,0,0,0
"",2010,2010-11-12,"Sarah Bloom Raskin",0,0,0,0,0
"European Central Bank",2010,2010-11-19,"Ben S. Bernanke",0,0,0,0,0
"European Central Bank",2010,2010-11-19,"Ben S. Bernanke",0,0,0,0,0
"",2010,2010-12-01,"Janet L. Yellen",0,0,0,0,0
"Federal Reserve Bank of Philadelphia",2010,2010-12-02,"Elizabeth A. Duke",0,0,0,0,0.0323928761616152
"",2011,2011-01-07,"Elizabeth A. Duke",0,0,0,0,0
"",2011,2011-01-08,"Janet L. Yellen",0,0,0,0,0
"",2011,2011-02-02,"Elizabeth A. Duke",0,0,0,0,0
"",2011,2011-02-03,"Ben S. Bernanke",0,0,0,0,0
"",2011,2011-02-11,"Sarah Bloom Raskin",0,0,0,0,0
"",2011,2011-02-18,"Ben S. Bernanke",0,0,0,0,0
"",2011,2011-02-25,"Janet L. Yellen",0,0,0,0,0
"",2011,2011-03-02,"Ben S. Bernanke",0,0,0,0,0
"",2011,2011-03-04,"Janet L. Yellen",0,0,0,0,0
"",2011,2011-03-23,"Ben S. Bernanke",0.37,0,0,0.37,0
"Federal Reserve Bank of Richmond (FRBR)",2011,2011-03-24,"Elizabeth A. Duke",0,0,0,0,0
"Federal Reserve Bank of Richmond (FRBR)",2011,2011-03-31,"Daniel K. Tarullo",0,0,0,0,0
"Federal Reserve Bank of Atlanta",2011,2011-04-04,"Ben S. Bernanke",0,0,0,0,0
"Federal Reserve Bank of New York",2011,2011-04-07,"Sarah Bloom Raskin",0,0,0,0,0.0969583422935214
"",2011,2011-04-11,"Janet L. Yellen",0,0,0,0,0
"",2011,2011-04-14,"Elizabeth A. Duke",0,0,0,0,0
"",2011,2011-04-28,"Elizabeth A. Duke",0,0,0,0,0
"",2011,2011-04-29,"Ben S. Bernanke",0,0,0,0,0
"Federal Reserve Bank of Chicago",2011,2011-05-05,"Ben S. Bernanke",0,0,0,0,0
"",2011,2011-05-06,"Janet L. Yellen",0,0,0,0,0
"Federal Reserve Bank of St Louis",2011,2011-05-10,"Elizabeth A. Duke",0,0,0,0,0
"",2011,2011-05-12,"Ben S. Bernanke",0,0,0,0,0
"",2011,2011-05-16,"Ben S. Bernanke",0,0,0,0,0
"Federal Reserve Bank of Boston",2011,2011-05-24,"Elizabeth A. Duke",0,0,0,0,0.0323194474311738
"",2011,2011-06-01,"Janet L. Yellen",0,0,0,0,0
"",2011,2011-06-03,"Daniel K. Tarullo",0,0,0,0,0
"American Bankers Association (ABA)",2011,2011-06-07,"Ben S. Bernanke",0.7,0.33,0,1.03,0
"",2011,2011-06-09,"Janet L. Yellen",0,0,0,0,0
"",2011,2011-06-14,"Ben S. Bernanke",0,0,0,0,0
"",2011,2011-06-29,"Sarah Bloom Raskin",0,0,0,0,0
"Federal Reserve Bank of Kansas City",2011,2011-08-26,"Ben S. Bernanke",0,0,0,0,0
"",2011,2011-09-01,"GovernorElizabeth A. Duke",0,0,0,0,0
"",2011,2011-09-08,"ChairmanBen S. Bernanke",0,0,0,0,0
"",2011,2011-09-15,"ChairmanBen S. Bernanke",0,0,0,0,0
"",2011,2011-09-15,"GovernorDaniel K. Tarullo",0,0,0,0,0
"",2011,2011-09-26,"GovernorSarah Bloom Raskin",0,0,1,0,0
"",2011,2011-09-28,"ChairmanBen S. Bernanke",0,0,0,0,0
"",2011,2011-10-04,"GovernorSarah Bloom Raskin",0,0,1,0,0
"Federal Reserve Bank of Boston",2011,2011-10-18,"ChairmanBen S. Bernanke",0,0,0,0,0.0323194474311738
"",2011,2011-10-20,"GovernorDaniel K. Tarullo",0,0,0,0,0
"",2011,2011-10-21,"Vice ChairJanet L. Yellen",0,0,0,0,0
"",2011,2011-10-22,"GovernorElizabeth A. Duke",0,0,0,0,0
"",2011,2011-11-04,"GovernorDaniel K. Tarullo",0,0,0,0,0
"",2011,2011-11-04,"GovernorDaniel K. Tarullo",0,0,0,0,0
"",2011,2011-11-09,"ChairmanBen S. Bernanke",0,0,0,0,0
"New York Clearing House Association (NYCHA)",2011,2011-11-09,"GovernorDaniel K. Tarullo",0,0,0,0,0
"",2011,2011-11-10,"ChairmanBen S. Bernanke",0,0,0,0,0
"Federal Reserve Bank of Chicago",2011,2011-11-11,"Vice ChairJanet L. Yellen",0,0,0,0,0
"Federal Reserve Bank of San Francisco (FRBSF)",2011,2011-11-29,"Vice ChairJanet L. Yellen",0,0,0,0,0
"",2012,2012-01-06,"GovernorSarah Bloom Raskin",0,0,1,0,0
"",2012,2012-01-06,"GovernorElizabeth A. Duke",0,0,0,0,0
"Virginia Bankers Association",2012,2012-01-06,"GovernorElizabeth A. Duke",0,0,0,0,0.00143293559096969
"Association of American Law Schools (AALS)",2012,2012-01-07,"GovernorSarah Bloom Raskin",0,0,0,0,0
"",2012,2012-01-13,"GovernorElizabeth A. Duke",0,0,0,0,0
"",2012,2012-01-16,"GovernorElizabeth A. Duke",0,0,0,0,0
"",2012,2012-02-10,"ChairmanBen S. Bernanke",0,0,0,0,0
"",2012,2012-02-16,"ChairmanBen S. Bernanke",0,0,0,0,0
"",2012,2012-03-01,"GovernorSarah Bloom Raskin",0,0,0,0,0
"",2012,2012-03-14,"ChairmanBen S. Bernanke",0.37,0,0,0.37,0
"",2012,2012-03-23,"ChairmanBen S. Bernanke",0,0,0,0,0
"National Association for Business Economics",2012,2012-03-26,"ChairmanBen S. Bernanke",0,0,0,0,0
"Federal Reserve Bank of San Francisco (FRBSF)",2012,2012-03-27,"GovernorElizabeth A. Duke",0,0,0,0,0
"Federal Reserve Bank of Atlanta",2012,2012-04-09,"ChairmanBen S. Bernanke",0,0,0,0,0
"Federal Reserve Bank of Chicago",2012,2012-04-10,"GovernorDaniel K. Tarullo",0,0,0,0,0
"",2012,2012-04-11,"Vice ChairJanet L. Yellen",0,0,0,0,0
"Federal Reserve Bank of San Francisco (FRBSF)",2012,2012-04-12,"GovernorSarah Bloom Raskin",0,0,0,0,0
"",2012,2012-04-13,"ChairmanBen S. Bernanke",0,0,0,0,0
"",2012,2012-05-02,"GovernorDaniel K. Tarullo",0,0,0,0,0
"Federal Reserve Bank of Chicago",2012,2012-05-10,"ChairmanBen S. Bernanke",0,0,0,0,0
"",2012,2012-05-15,"GovernorElizabeth A. Duke",1.02,0.55,0,1.57,0
"",2012,2012-06-06,"Vice ChairJanet L. Yellen",0,0,0,0,0
"Federal Reserve Bank of San Francisco (FRBSF)",2012,2012-06-12,"GovernorDaniel K. Tarullo",0,0,0,0,0
"",2012,2012-07-20,"GovernorElizabeth A. Duke",0,0,0,0,0
"",2012,2012-07-23,"GovernorSarah Bloom Raskin",0,0,0,0,0
"",2012,2012-07-24,"ChairmanBen S. Bernanke",0,0,0,0,0
"",2012,2012-08-06,"ChairmanBen S. Bernanke",0,0,0,0,0
"",2012,2012-08-07,"ChairmanBen S. Bernanke",0,0,0,0,0
"Federal Reserve Bank of Kansas City",2012,2012-08-31,"ChairmanBen S. Bernanke",0,0,0,0,0
"",2012,2012-10-01,"ChairmanBen S. Bernanke",0,0,0,0,0
"",2012,2012-10-10,"GovernorDaniel K. Tarullo",0,0,0,0,0
"",2012,2012-10-11,"Vice ChairJanet L. Yellen",0,0,0,0,0
"Brookings Institution (BI)",2012,2012-10-11,"GovernorJeremy C. Stein",0,0,0,0,0
"",2012,2012-10-14,"ChairmanBen S. Bernanke",0,0,0,0,0
"Federal Reserve Bank of Chicago",2012,2012-11-09,"GovernorElizabeth A. Duke",0,0,0,0,0
"University of California, Berkeley",2012,2012-11-13,"Vice ChairJanet L. Yellen",0,0,1,0,0.295950697010561
"",2012,2012-11-15,"ChairmanBen S. Bernanke",0,0,0,0,0
"",2012,2012-11-20,"ChairmanBen S. Bernanke",0,0,0,0,0
"Yale University",2012,2012-11-28,"GovernorDaniel K. Tarullo",0,0,0,0,0.118380278804224
"",2012,2012-11-30,"GovernorJeremy C. Stein",0,0,0,0,0
"",2012,2012-11-30,"GovernorJeremy C. Stein",0,0,0,0,0
"Brookings Institution (BI)",2012,2012-12-04,"GovernorDaniel K. Tarullo",0,0,0,0,0
"",2012,2012-12-17,"GovernorJeremy C. Stein",0,0,0,0,0
"",2013,2013-01-04,"Vice ChairJanet L. Yellen",0,0,1,0,0
"American Economic Association (AEA)",2013,2013-01-04,"Vice ChairJanet L. Yellen",0,0,1,0,0.236760557608449
"",2013,2013-02-05,"GovernorElizabeth A. Duke",0,0,0,0,0
"Federal Reserve Bank of St Louis",2013,2013-02-07,"GovernorJeremy C. Stein",0.28,0.28,0,0.56,0
"",2013,2013-02-11,"Vice ChairJanet L. Yellen",0,0,0,0,0
"",2013,2013-02-22,"GovernorDaniel K. Tarullo",0,0,0,0,0
"",2013,2013-02-22,"GovernorJerome H. Powell",0,0,0,0,0
"",2013,2013-02-28,"GovernorSarah Bloom Raskin",0,0,0,0,0
"Federal Reserve Bank of San Francisco (FRBSF)",2013,2013-03-01,"ChairmanBen S. Bernanke",0,0,0,0,0
"",2013,2013-03-04,"GovernorJerome H. Powell",0,0,0,0,0
"National Association for Business Economics",2013,2013-03-04,"Vice ChairJanet L. Yellen",0,0,0,0,0
"",2013,2013-03-08,"GovernorElizabeth A. Duke",0.48,0,0,0.48,0
"",2013,2013-03-22,"GovernorSarah Bloom Raskin",0,0,0,0,0
"",2013,2013-03-25,"ChairmanBen S. Bernanke",0,0,0,0,0
"",2013,2013-04-04,"Vice ChairJanet L. Yellen",0,0,0,0,0
"",2013,2013-04-04,"ChairmanBen S. Bernanke",0,0,0,0,0
"Federal Reserve Bank of Atlanta",2013,2013-04-08,"ChairmanBen S. Bernanke",0,0,0,0,0
"Federal Reserve Bank of Atlanta",2013,2013-04-12,"ChairmanBen S. Bernanke",0,0,0,0,0
"",2013,2013-04-16,"Vice ChairJanet L. Yellen",0,0,0,0,0
"",2013,2013-04-17,"GovernorJeremy C. Stein",0,0,0,0,0
"Bard College",2013,2013-04-18,"GovernorSarah Bloom Raskin",0,0,0,0,0.0591901394021121
"",2013,2013-04-19,"GovernorJeremy C. Stein",0,0,0,0,0
