URL,Name,Date,SpecialHearing,Laughter Count,Members Present,Field hearing,Fed SemiAnnual Oversight Hearing
http://financialservices.house.gov/uploadedfiles/112-164.pdf,Examining the Impact of the Volcker Rule on Markets Business and Job Creation Part II,13 Dec 2012,0,1,33,,
http://financialservices.house.gov/uploadedfiles/112-159.pdf,"THE SEMI-ANNUAL REPORT OF THE CONSUMER 
FINANCIAL PROTECTION BUREAU ",20 Sep 2012,0,1,35,,
http://financialservices.house.gov/uploadedfiles/112-151.pdf,The Annual Report of the Financial Stability Oversight Council,25 Jul 2012,0,0,48,,
http://www.gpo.gov/fdsys/pkg/CHRG-112hhrg76116/pdf/CHRG-112hhrg76116.pdf,Monetary Policy and the state of the Economy,18 Jul 2012,0,0,44,,
http://financialservices.house.gov/uploadedfiles/112-136.pdf,Examining Bank Supervision and Risk Management in Light of JPMorgan Chase’s Trading Loss,19 Jun 2012,0,0,53,,
http://financialservices.house.gov/uploadedfiles/112-132.pdf,"H.R. 4624, the Investment Adviser Oversight Act of 2012",6 Jun 2012,0,0,36,,
http://financialservices.house.gov/uploadedfiles/112-128.pdf,Examining the Settlement Practices of U.S. Financial Regulators,17 May 2012,0,0,31,,
http://financialservices.house.gov/uploadedfiles/112-114.pdf,The Semi-Annual Report of the Consumer Financial Protection Bureau,29 Mar 2012,0,1,32,,
http://financialservices.house.gov/uploadedfiles/112-108.pdf,Hearing to Receive the Annual Testimony of the Secretary of the Treasury on the State of the International Financial System,20 Mar 2012,0,0,42,,
http://www.gpo.gov/fdsys/pkg/CHRG-112hhrg75075/pdf/CHRG-112hhrg75075.pdf,Monetary Policy and the state of the Economy,29 Feb 2012,0,0,50,,1
http://financialservices.house.gov/uploadedfiles/112-90.pdf,"H.R. 1148, the Stop Trading on Congressional Knowledge Act",6 Dec 2011,0,0,40,,
http://financialservices.house.gov/uploadedfiles/112-89.pdf,"Regulatory Reform: Examining How New Regulations are Impacting Financial Institutions, Small Businesses and Consumers in Illinois",5 Dec 2011,Field,0,5,1,
http://financialservices.house.gov/uploadedfiles/112-87.pdf,Perspectives on the Health of the FHA Single-family Insurance Fund,1 Dec 2011,0,0,41,,
http://financialservices.house.gov/uploadedfiles/112-70.pdf,The Annual Report of the Financial Stability Oversight Council,6 Oct 2011,0,0,41,,
http://financialservices.house.gov/uploadedfiles/112-62.pdf,Fixing the Watchdog: Legislative Proposals to Improve and Enhance the Securities and Exchange Commission,15 Sep 2011,0,0,32,,
http://www.gpo.gov/fdsys/pkg/CHRG-112hhrg67941/pdf/CHRG-112hhrg67941.pdf,Monetary Policy and the state of the Economy,13 Jul 2011,0,0,52,,
http://financialservices.house.gov/uploadedfiles/112-43.pdf,Hacked Off: Helping Law Enforcement Protect Private Financial Information,29 Jun 2011,Field,0,2,1,
http://financialservices.house.gov/uploadedfiles/112-39.pdf,Financial Regulatory Reform: The International Context,16 Jun 2011,0,0,40,,
http://financialservices.house.gov/uploadedfiles/112-36.pdf,Oversight of HUD’s HOME Program,3 Jun 2011,0,0,35,,
http://www.gpo.gov/fdsys/pkg/CHRG-112hhrg65672/pdf/CHRG-112hhrg65672.pdf,Monetary Policy and the state of the Economy,2 Mar 2011,0,0,52,,
http://financialservices.house.gov/uploadedfiles/112-10.pdf,Oversight of the Department of Housing and Urban Development (HUD),1 Mar 2011,0,0,33,,
http://financialservices.house.gov/uploadedfiles/112-9.pdf,Mortgage Finance Reform: An Examination of the Obama Administration’s Report to Congress,1 Mar 2011,0,0,49,,
http://financialservices.house.gov/uploadedfiles/112-6.pdf,The Final Report of the Financial Crisis Inquiry Commission,16 Feb 2011,0,2,41,,
http://financialservices.house.gov/uploadedfiles/112-5.pdf,"Assessing the Regulatory, Economic and Market Implications of the Dodd-Frank Derivatives Title",15 Feb 2011,0,1,46,,
http://financialservices.house.gov/uploadedfiles/112-1.pdf,"
Promoting Economic Recovery and Job Creation: The Road Forward ",26 Jan 2011,0,0,45,,
http://financialservices.house.gov/uploadedfiles/111-168.pdf,A Proposal to Increase the Offering Limit under SEC Regulation A,8 Dec 2010,0,0,14,,
http://archives.financialservices.house.gov/media/pdf/111-164.pdf,The Future of Housing Finance-A Review of Proposals to Address Market Structure and Transition,29 Sep 2010,0,0,25,,
http://financialservices.house.gov/media/pdf/111-160.pdf,Executive Compensation Oversight after the Dodd-Frank Wall Street Reform and Consumer Protection Act,24 Sep 2010,0,0,10,,
http://financialservices.house.gov/media/file/hearings/111/printed%20hearings/111-157.pdf,Perspectives on the Livable Communities Act of 2010,23 Sep 2010,0,0,8,,
http://archives.financialservices.house.gov/media/pdf/111-156.pdf,Implementation of Higher FHA Loan Fees and Pending Legislative Proposals to Strengthen the FHA MMIF Fund and Improve Lender Oversight,22 Sep 2010,0,0,17,,
,"The State of the International Financial System, Including International Regulatory Issues Relevant to the Implementation of the Dodd-Frank Act",22 Sep 2010,0,0,21,,
http://archives.financialservices.house.gov/media/pdf/111-154.pdf,Legislative Proposals to Address Concerns Over the SEC’s New Confidentiality Provision,16 Sep 2010,0,0,20,,
http://financialservices.house.gov/media/file/hearings/111/printed%20hearings/111-150.pdf,"Alternatives for Promoting Liquidity in the Commercial Real Estate Markets, Supporting Small Businesses and Increasing Job Growth",29 Jul 2010,0,0,27,,
http://www.gpo.gov/fdsys/pkg/CHRG-111hhrg61851/pdf/CHRG-111hhrg61851.pdf,Monetary Policy and the state of the Economy,22 Jul 2010,0,0,43,,1
http://www.gpo.gov/fdsys/pkg/CHRG-111hhrg61852/pdf/CHRG-111hhrg61852.pdf,Monetary Policy and the state of the Economy,22 Jul 2010,0,0,14,,1
http://financialservices.house.gov/media/file/hearings/111/printed%20hearings/111-146.pdf,"H.R. 2267, Internet Gambling Regulation, Consumer Protection, and Enforcement Act",21 Jul 2010,0,1,29,,
http://financialservices.house.gov/media/file/hearings/111/printed%20hearings/111-140.pdf,The Administration's Proposal to Preserve and Transform Public and Assisted Housing: The Transforming Rental Assistance Initiative,25 May 2010,0,0,24,,
http://financialservices.house.gov/media/file/hearings/111/printed%20hearings/111-137.pdf,"Initiatives to Promote Small Business Lending, Jobs and Economic Growth",18 May 2010,0,0,31,,
http://financialservices.house.gov/media/file/hearings/111/printed%20hearings/111-124.pdf,Public Policy Issues Raised by the Report of the Lehman Bankruptcy Examine,20 Apr 2010,0,,27,,
http://financialservices.house.gov/media/file/hearings/111/printed%20hearings/111-121.pdf,"Housing Finance-What Should the New System Be Able to Do?: Part II-Government and Stakeholder Perspectives, 111-121",14 Apr 2010,0,0,34,,
http://financialservices.house.gov/media/file/hearings/111/printed%20hearings/111-120.pdf,Second Liens and Other Barriers to Principal Reduction as an Effective Foreclosure Mitigation Program,13 Apr 2010,0,,15,,
http://financialservices.house.gov/media/file/hearings/111/printed%20hearings/111-118.pdf,Unwinding Emergency Federal Reserve Liquidity Programs and Implications for Economic Recovery,25 Mar 2010,0,2,35,,
http://financialservices.house.gov/media/file/hearings/111/printed%20hearings/111-115.pdf,Housing Finance-What Should the New System Be Able to Do?: Part I-Government and Stakeholder Perspectives,23 Mar 2010,0,4,33,,
http://financialservices.house.gov/media/file/hearings/111/printed%20hearings/111-113.pdf,The Administration’s Proposal to Revitalize Severely Distressed Public and Assisted Housing: The Choice Neighborhoods Initiative,17 Mar 2010,0,1,21,,
http://financialservices.house.gov/media/file/hearings/111/printed%20hearings/111-112.pdf,Examining the Link Between Fed Bank Supervision and Monetary Policy,17 Mar 2010,0,0,34,,
http://financialservices.house.gov/media/file/hearings/111/printed%20hearings/111-106.pdf,"Community Development Financial Institutions (CDFIs): Their Unique Role and Challenges Serving Lower-Income, Underserved and Minority Communities",9 Mar 2010,0,0,16,,
http://financialservices.house.gov/media/file/hearings/111/printed%20hearings/111-104.pdf,Condition of Small Business and Commercial Real Estate Lending in Local Markets,26 Feb 2010,Joint,0,40,,
http://financialservices.house.gov/media/file/hearings/111/printed%20hearings/111-103.pdf,Compensation in the Financial Industry – Government Perspectives,25 Feb 2010,0,2,26,,
http://financialservices.house.gov/media/file/hearings/111/printed%20hearings/111-102.pdf,Monetary Policy and the state of the Economy,24 Feb 2010,0,0,54,,1
http://financialservices.house.gov/media/file/hearings/111/printed%20hearings/111-101.pdf,Prospects for Employment Growth: Is Additional Stimulus Needed?,23 Feb 2010,0,0,33,,
http://archives.financialservices.house.gov/Hearings/hearingDetails.aspx?NewsID=1106,Unwinding Emergency Federal Reserve Liquidity Programs and Implications for Economic Recovery,10 Feb 2010,0,,NO PDF,,
http://financialservices.house.gov/media/file/hearings/111/printed%20hearings/111-98.pdf,Compensation in the Financial Industry,22 Jan 2010,0,0,21,,
http://financialservices.house.gov/media/file/hearings/111/printed%20hearings/111-95.pdf,Covered Bonds: Prospects for a U.S. Market Going Forward,15 Dec 2009,0,1,23,,
http://financialservices.house.gov/media/file/hearings/111/printed%20hearings/111-93.pdf,The Private Sector and Government Response to the Mortgage Foreclosure Crisis,8 Dec 2009,0,3,25,,
http://financialservices.house.gov/media/file/hearings/111/printed%20hearings/111-92.pdf,"H.R. 2266, Reasonable Prudence in Regulation Act, and H.R. 2267, the Internet Gambling Regulation, Consumer Protection, and Enforcement Act",3 Dec 2009,0,0,22,,
http://financialservices.house.gov/media/file/hearings/111/printed%20hearings/111-91.pdf,FY09 FHA Actuarial Report,2 Dec 2009,0,0,19,,
http://financialservices.house.gov/media/file/hearings/111/printed%20hearings/111-89.pdf,The Overdraft Protection Act of 2009,30 Oct 2009,0,0,10,,
http://financialservices.house.gov/media/file/hearings/111/printed%20hearings/111-88.pdf,"Systemic Regulation, Prudential Matters, Resolution Authority and Securitization",29 Oct 2009,0,4,48,,
http://financialservices.house.gov/media/file/hearings/111/printed%20hearings/111-86.pdf,"H.R. 2382, the Credit Card Interchange Fees Act of 2009 and H.R. 3639, the Expedited CARD Reform for Consumers Act of 2009",8 Oct 2009,0,0,33,,
http://financialservices.house.gov/media/file/hearings/111/printed%20hearings/111-85.pdf,Reform of the Over-the-Counter Derivative Market: Limiting Risk and Ensuring Fairness,7 Oct 2009,0,0,43,,
http://financialservices.house.gov/media/file/hearings/111/printed%20hearings/111-84.pdf,"Capital Markets Regulatory Reform: Strengthening Investor Protection, Enhancing Oversight of Private Pools of Capital, and Creating a National Insurance Office",6 Oct 2009,0,0,26,,
http://financialservices.house.gov/media/file/hearings/111/printed%20hearings/111-83.pdf,Federal Reserve Perspectives on Financial Regulatory Reform Proposals,1 Oct 2009,0,0,48,,
http://financialservices.house.gov/media/file/hearings/111/printed%20hearings/111-81.pdf,Perspectives on the Consumer Financial Protection Agency,30 Sep 2009,0,0,42,,
http://financialservices.house.gov/media/file/hearings/111/printed%20hearings/111-80.pdf,"H.R. 1207, the Federal Reserve Transparency Act of 2009",25 Sep 2009,0,0,35,,
http://financialservices.house.gov/media/file/hearings/111/printed%20hearings/111-78.pdf,Experts' Perspectives on Systemic Risk and Resolution Issues,23 Sep 2009,0,0,41,,
http://financialservices.house.gov/media/file/hearings/111/printed%20hearings/111-76.pdf,The Administration’s Proposals for Financial Regulatory Reform,23 Sep 2009,0,0,53,,
http://financialservices.house.gov/media/file/hearings/111/printed%20hearings/111-77.pdf,Federal Regulator Perspectives on Financial Regulatory Reform Proposals,17 Sep 2009,0,0,38,,
http://financialservices.house.gov/media/file/hearings/111/printed%20hearings/111-74.pdf,Proposals to Enhance the Community Reinvestment Act,16 Sep 2009,0,0,38,,
http://archives.financialservices.house.gov/media/file/hearings/111/111.73.pdf,The World Bank’s Disclosure Policy Review and the Role of Democratic Participatory Processes in Achieving Successful Development Outcomes,10 Sep 2009,0,0,24,,
http://www.gpo.gov/fdsys/pkg/CHRG-111hhrg53248/pdf/CHRG-111hhrg53248.pdf,Regulatory Perspectives on the Obama Administration’s Financial Regulatory Reform Proposals-Part Two,24 Jul 2009,0,0,47,,
http://financialservices.house.gov/media/file/hearings/111/printed%20hearings/111-66.pdf,Regulatory Perspectives on the Obama Administration’s Financial Regulatory Reform Proposals,22 Jul 2009,0,0,39,,
http://www.gpo.gov/fdsys/pkg/CHRG-111hhrg53244/pdf/CHRG-111hhrg53244.pdf,Humphrey Hawkins Hearing on Monetary Policy,21 Jul 2009,0,0,54,,1
http://archives.financialservices.house.gov/media/file/hearings/111/65.pdf,"Systemic Risk: Are Some Institutions Too Big to Fail and If So, What Should We Do About It?",21 Jul 2009,0,1,54,,
http://archives.financialservices.house.gov/media/file/hearings/111/62.pdf,Industry Perspectives on the Obama Administration’s Financial Regulatory Reform Proposals,17 Jul 2009,0,0,24,,
http://archives.financialservices.house.gov/media/pdf/111-61.pdf,Community and Consumer Advocates’ Perspectives on the Obama Administration’s Financial Regulatory Reform Proposals,16 Jul 2009,0,0,31,,
http://financialservices.house.gov/media/file/hearings/111/printed%20hearings/111-58.pdf,Banking Industry Perspectives on the Obama Administration’s Financial Regulatory Reform Proposals,15 Jul 2009,0,0,51,,
http://archives.financialservices.house.gov/media/file/hearings/111/111-55.pdf,A Review of the Administration’s Proposal to Regulate the Over-the-Counter Derivatives Market,10 Jul 2009,0,0,49,,
http://archives.financialservices.house.gov/media/file/hearings/111/54.pdf,"H.R. 3068, TARP for Main Street Act of 2009",9 Jul 2009,0,0,57,,
http://archives.financialservices.house.gov/media/file/hearings/111/111-51.pdf,"Legislative Options for Preserving Federally- and State-Assisted Affordable Housing and Preventing Displacement of Low-Income, Elderly and Disabled Tenants",25 Jun 2009,0,0,22,,
http://financialservices.house.gov/media/file/hearings/111/printed%20hearings/111-49.pdf,Regulatory Restructuring: Enhancing Consumer Financial Products Regulation,24 Jun 2009,0,1,41,,
http://archives.financialservices.house.gov/media/file/hearings/111/111-48.pdf,The Economic Disaster Area Act of 2009,19 Jun 2009,0,0,18,,
http://archives.financialservices.house.gov/Hearings/hearingDetails.aspx?NewsID=1163,The Administration’s Plan for the Restructuring of the American Financial Regulatory System,18 Jun 2009,0,,NO PDF,,
http://financialservices.house.gov/media/file/hearings/111/printed%20hearings/111-42.pdf,Compensation Structure and Systemic Risk,11 Jun 2009,0,0,42,,
http://archives.financialservices.house.gov/media/file/hearings/111/111-36.pdf,The Section 8 Voucher Reform Act,21 May 2009,0,0,22,,
http://archives.financialservices.house.gov/media/file/hearings/111/111-37.pdf,Legislative Proposals to Improve the Efficiency and Oversight of Municipal Finance,21 May 2009,0,2,33,,
http://archives.financialservices.house.gov/media/file/hearings/111/111-34.pdf,"Capital Loss, Corruption and the Role of Western Financial Institutions",19 May 2009,0,3,30,,
http://archives.financialservices.house.gov/media/file/hearings/111/111-26.pdf,The Effect of the Lehman Brothers Bankruptcy on State and Local Governments,5 May 2009,0,0,30,,
http://financialservices.house.gov/media/file/hearings/111/printed%20hearings/111-25.pdf,"H.R. 1728, the Mortgage Reform and Anti-Predatory Lending Act of 2009",23 Apr 2009,0,5,57,,
http://www.gpo.gov/fdsys/pkg/CHRG-111hhrg48875/pdf/CHRG-111hhrg48875.pdf,Addressing the Need for Comprehensive Regulatory Reform,26 Mar 2009,0,1,64,,
http://archives.financialservices.house.gov/media/file/hearings/111/111-21.pdf,Exploring the Balance between Increased Credit Availability and Prudent Lending Standards,25 Mar 2009,0,1,29,,
http://archives.financialservices.house.gov/media/file/hearings/111/111-20.pdf,Oversight of the Federal Government's Intervention at American International Group,24 Mar 2009,0,0,63,,
http://archives.financialservices.house.gov/media/file/hearings/111/111-19.pdf,Seeking Solutions: Finding Credit for Small and Mid-Size Businesses in Massachusetts,23 Mar 2009,Field,0,3,1,
http://financialservices.house.gov/media/file/hearings/111/printed%20hearings/111-18.pdf,Federal and State Enforcement of Financial Consumer and Investor Protection Laws,20 Mar 2009,0,0,11,,
http://archives.financialservices.house.gov/media/file/hearings/111/111-14.pdf,Perspectives on Regulation of Systemic Risk in the Financial Services Industry,17 Mar 2009,0,0,45,,
http://www.gpo.gov/fdsys/pkg/CHRG-111hhrg48678/html/CHRG-111hhrg48678.htm,Monetary Policy and the state of the Economy,25 Feb 2009,0,0,50,,1
http://www.gpo.gov/fdsys/pkg/CHRG-111hhrg48679/pdf/CHRG-111hhrg48679.pdf,Monetary Policy and the state of the Economy,26 Feb 2009,0,0,22,,1
http://www.gpo.gov/fdsys/pkg/CHRG-111hhrg48675/pdf/CHRG-111hhrg48675.pdf,TARP Accountability: Use of Federal Assistance by the First TARP Recipients,11 Feb 2009,0,0,62,,
http://archives.financialservices.house.gov/media/file/hearings/111/111-3.pdf,An Examination of the Extraordinary Efforts by the Federal Reserve Bank to Provide Liquidity in the Current Financial Crisis,10 Feb 2009,0,0,56,,
http://www.gpo.gov/fdsys/pkg/CHRG-111hhrg48672/pdf/CHRG-111hhrg48672.pdf,"Promoting Bank Liquidity and Lending Through Deposit Insurance, Hope for Homeowners, and other Enhancements, 111-1",3 Feb 2009,0,0,41,,
http://archives.financialservices.house.gov/media/pdf/111-D.pdf,Priorities for the Next Administration: Use of TARP Funds under EESA,13 Jan 2009,0,0,53,,
http://archives.financialservices.house.gov/media/pdf/111-C.pdf,FHA Oversight of Loan Originators,9 Jan 2009,0,0,44,,
http://archives.financialservices.house.gov/media/pdf/111-B.pdf,Assessing the Madoff Ponzi and the Need for Regulatory Reform,5 Jan 2009,0,0,33,,
http://archives.financialservices.house.gov/hearing110/110-148.pdf,Oversight Concerns Regarding Treasury Department Conduct of the Troubled Assets Relief Program,12 Oct 2008,0,0,50,,
http://archives.financialservices.house.gov/hearing110/110-147.pdf,Review of Industry Plans to Stabilize the Financial Condition of the American Automobile Industry,5 Dec 2008,0,0,40,,
http://archives.financialservices.house.gov/hearing110/110-146.pdf,Stabilizing the Financial Condition of the American Automobile Industry,19 Nov 2009,0,0,46,,
http://www.gpo.gov/fdsys/pkg/CHRG-110hhrg46593/pdf/CHRG-110hhrg46593.pdf,Oversight of Implementation of the Emergency Economic Stabilization Act of 2008 and of Government Lending and Insurance Facilities; Impact on Economy and Credit Availability,18 Nov 2008,0,0,56,,
http://www.gpo.gov/fdsys/pkg/CHRG-110hhrg46592/pdf/CHRG-110hhrg46592.pdf,"Private Sector Cooperation with Mortgage Modifications-Ensuring That Investors, Servicers and Lenders Provide Real Help for Troubled Homeowners",12 Nov 2008,0,0,18,,
http://www.gpo.gov/fdsys/pkg/CHRG-110hhrg46591/pdf/CHRG-110hhrg46591.pdf,The Future of Financial Services Regulation,21 Oct 2008,0,0,32,,
http://www.gpo.gov/fdsys/pkg/CHRG-110hhrg45626/pdf/CHRG-110hhrg45626.pdf,Oversight Hearing to Examine Recent Treasury and FHFA Actions Regarding the Housing GSEs,25 Sep 2008,0,2,23,,
http://www.gpo.gov/fdsys/pkg/CHRG-110hhrg45625/pdf/CHRG-110hhrg45625.pdf,The Future of Financial Services: Exploring Solutions for the Market Crisis,24 Sep 2008,0,0,71,,
http://www.gpo.gov/fdsys/pkg/CHRG-110hhrg45624/pdf/CHRG-110hhrg45624.pdf,Auction Rate Securities Market: A Review of Problems and Potential Resolutions,18 Sep 2008,0,3,22,,
http://www.gpo.gov/fdsys/pkg/CHRG-110hhrg45623/pdf/CHRG-110hhrg45623.pdf,The Implementation of the Hope for Homeowners Program and A Review of Foreclosure Mitigation Efforts,17 Sep 2008,0,0,25,,
http://www.gpo.gov/fdsys/pkg/CHRG-110hhrg45620/pdf/CHRG-110hhrg45620.pdf,The Effects of the Foreclosure Crisis on Neighborhoods in California’s Central Valley: Challenges and Solutions,6 Sep 2008,Field,2,2,1,
http://www.gpo.gov/fdsys/pkg/CHRG-110hhrg44905/pdf/CHRG-110hhrg44905.pdf,A Review of Mortgage Servicing Practices and Foreclosure Mitigation,25 Jul 2008,0,0,7,,
http://www.gpo.gov/fdsys/pkg/CHRG-110hhrg44904/pdf/CHRG-110hhrg44904.pdf,Implications of a Weaker Dollar for Oil Prices and the U.S.Economy,24 Jul 2008,0,0,18,,
,Systemic Risk and the Financial Markets,24 Jul 2008,0,0,34,,
,Humphrey Hawkins Hearing on Monetary Policy,16 Jul 2008,0,0,49,,
http://www.gpo.gov/fdsys/pkg/CHRG-110hhrg44901/pdf/CHRG-110hhrg44901.pdf,Monetary Policy and the state of the Economy,16 Jul 2008,0,0,49,,
http://www.gpo.gov/fdsys/pkg/CHRG-110hhrg44900/pdf/CHRG-110hhrg44900.pdf,Systemic Risk and the Financial Markets,10 Jul 2008,0,1,39,,
http://www.gpo.gov/fdsys/pkg/CHRG-110hhrg44189/pdf/CHRG-110hhrg44189.pdf,"H.R. 6066, the Extractive Industries Transparency Disclosure Act",26 Jun 2008,0,1,13,,
http://www.gpo.gov/fdsys/pkg/CHRG-110hhrg44187/pdf/CHRG-110hhrg44187.pdf,Affordable Housing Preservation and Protection of Tenants,19 Jun 2008,0,1,14,,
http://www.gpo.gov/fdsys/pkg/CHRG-110hhrg44186/pdf/CHRG-110hhrg44186.pdf,The 15th Replenishment of the International Development Association (IDA) and the 11th Replenishment of the African Development Fund (AfDF),18 Jun 2008,0,0,13,,
http://www.gpo.gov/fdsys/pkg/CHRG-110hhrg44184/pdf/CHRG-110hhrg44184.pdf,"H.R. 6078, the Green Resources for Energy Efficient Neighborhoods Act of 2008",11 Jun 2008,0,5,25,,
http://www.gpo.gov/fdsys/pkg/CHRG-110hhrg43701/pdf/CHRG-110hhrg43701.pdf,Impact on Homebuyers and Housing Market of Conforming Loan Limit Increase,22 May 2008,0,3,26,,
http://www.gpo.gov/fdsys/pkg/CHRG-110hhrg43698/pdf/CHRG-110hhrg43698.pdf,"Examining the Need for H.R. 2885, the Credit Monitoring Clarification Act",20 May 2008,0,0,20,,
http://www.gpo.gov/fdsys/pkg/CHRG-110hhrg43697/pdf/CHRG-110hhrg43697.pdf,Contributing Factors and International Responses to the Global Food Crisis,14 May 2008,0,0,14,,
http://www.gpo.gov/fdsys/pkg/CHRG-110hhrg42717/pdf/CHRG-110hhrg42717.pdf,Financial Literacy and Education: The Effectiveness of Governmental and Private Sector Initiatives,15 Apr 2008,0,2,25,,
http://www.gpo.gov/fdsys/pkg/CHRG-110hhrg42716/pdf/CHRG-110hhrg42716.pdf,Using FHA for Housing Stabilization and Homeownership Retention,10 Apr 2008,0,4,27,,
http://www.gpo.gov/fdsys/pkg/CHRG-110hhrg42715/pdf/CHRG-110hhrg42715.pdf,Using FHA for Housing Stabilization and Homeownership Retention,9 Apr 2008,0,2,46,,
http://www.gpo.gov/fdsys/pkg/CHRG-110hhrg41730/pdf/CHRG-110hhrg41730.pdf,"Municipal Bond Turmoil: Impact on Cities, Towns, and States",12 Mar 2008,0,15,20,,
http://www.gpo.gov/fdsys/pkg/CHRG-110hhrg41728/pdf/CHRG-110hhrg41728.pdf,The Oversight of the Department of Housing and Urban Development,11 Mar 2008,0,1,26,,
http://www.gpo.gov/fdsys/pkg/CHRG-110hhrg41726/pdf/CHRG-110hhrg41726.pdf,The Need for Credit Union Regulatory Relief and Improvement,6 Mar 2008,0,3,39,,
http://financialservices.house.gov/monetarypolicy022808.pdf,Monetary Policy and the State of the Economy,27 Feb 2008,0,2,49,,1
http://www.gpo.gov/fdsys/pkg/CHRG-110hhrg41183/pdf/CHRG-110hhrg41183.pdf,Monetary Policy and the State of the Economy Part II,26 Feb 2008,0,0,WRONG DATE-ERROR-DELETE ROW,,1
http://www.gpo.gov/fdsys/pkg/CHRG-110hhrg41181/pdf/CHRG-110hhrg41181.pdf,"The Community Reinvestment Act: Thirty Years of Accomplishments, but Challenges Remain",13 Feb 2008,0,1,21,,
http://www.gpo.gov/fdsys/pkg/CHRG-110hhrg41178/pdf/CHRG-110hhrg41178.pdf,Negative Implications of the President’s Signing Statement on the Sudan Accountability and Divestment Act,8 Feb 2008,0,2,6,,
http://www.gpo.gov/fdsys/pkg/CHRG-110hhrg41176/pdf/CHRG-110hhrg41176.pdf,Holocaust Insurance Accountability Act of 2007,7 Feb 2008,0,0,16,,
http://www.gpo.gov/fdsys/pkg/CHRG-110hhrg40435/pdf/CHRG-110hhrg40435.pdf,"Accelerating Loan Modifications, Improving Foreclosure Prevention and Enhancing Enforcement",6 Dec 2007,0,0,28,,
http://www.gpo.gov/fdsys/pkg/CHRG-110hhrg40432/pdf/CHRG-110hhrg40432.pdf,"H.R. 2634, the Jubilee Act for Responsible Lending and Expanded Debt Cancellation of 2007",8 Nov 2007,0,0,10,,
http://archives.financialservices.house.gov/hearing110/110-79.pdf,Progress in Administration and Other Efforts to Coordinate and Enhance Mortgage Foreclosure Prevention,2 Nov 2008,0,0,5,,
http://www.gpo.gov/fdsys/pkg/CHRG-110hhrg39913/pdf/CHRG-110hhrg39913.pdf,"Transparency of Extractive Industries: High Stakes for Resource-Rich Countries, Citizens and International Business",25 Oct 2007,0,0,8,,
http://www.gpo.gov/fdsys/pkg/CHRG-110hhrg39912/pdf/CHRG-110hhrg39912.pdf,Legislative Proposals on Reforming Mortgage Practices,24 Oct 2007,0,11,39,,
http://www.gpo.gov/fdsys/pkg/CHRG-110hhrg39907/pdf/CHRG-110hhrg39907.pdf,Mortgage Lending Disparities,15 Oct 2007,Field,0,3,1,
http://archives.financialservices.house.gov/hearing110/110-67.pdf,The Fight Against Global Poverty and Inequality: the World Bank’s Approach to Core Labor Standards and Employment Creation,3 Oct 2007,0,0,18,,
http://www.gpo.gov/fdsys/pkg/CHRG-110hhrg39903/pdf/CHRG-110hhrg39903.pdf,Systemic Risk:  Examining Regulators' Ability to React to Threats in the Financial System,2 Oct 2007,0,0,22,,
http://www.gpo.gov/fdsys/pkg/CHRG-110hhrg39542/pdf/CHRG-110hhrg39542.pdf,SEC Proxy Access Proposals: Implications for Investors,27 Sep 2007,0,0,15,,
http://www.gpo.gov/fdsys/pkg/CHRG-110hhrg39540/pdf/CHRG-110hhrg39540.pdf,Legislative and Regulatory Options for Minimizing and Mitigating Mortgage Foreclosures,20 Sep 2007,0,7,51,,
http://www.gpo.gov/fdsys/pkg/CHRG-110hhrg39537/pdf/CHRG-110hhrg39537.pdf,Recent Events in the Credit and Mortgage Markets and Possible Implications for U.S. Consumers and the Global Economy,5 Sep 2007,0,2,48,,
http://www.gpo.gov/fdsys/pkg/CHRG-110hhrg38397/pdf/CHRG-110hhrg38397.pdf,The Effect of Predatory Lending and the Foreclosure Crisis on Twin Cities’ Communities and Neighborhoods,9 Aug 2007,Field,1,2,1,
http://www.gpo.gov/fdsys/pkg/CHRG-110hhrg38395/pdf/CHRG-110hhrg38395.pdf,Improving Federal Consumer Protection in Financial Services – Consumer and Industry Perspectives,25 Jul 2007,0,0,11,,
http://www.gpo.gov/fdsys/pkg/CHRG-110hhrg38392/pdf/CHRG-110hhrg38392.pdf,Monetary Policy and the state of the Economy,18 Jul 2007,0,0,39,,1
http://www.gpo.gov/fdsys/pkg/CHRG-110hhrg38390/pdf/CHRG-110hhrg38390.pdf,Monetary Policy and the state of the Economy,17 Jul 2007,0,0,18,,1
http://www.gpo.gov/fdsys/pkg/CHRG-110hhrg38393/pdf/CHRG-110hhrg38393.pdf,"The National Affordable Housing Trust Fund Act of 2007, H.R. 2895",17 Jul 2007,0,5,27,,
http://www.gpo.gov/fdsys/pkg/CHRG-110hhrg37560/pdf/CHRG-110hhrg37560.pdf,A Review of Investor Protection and Market Oversight with the Five Commissioners of the Securities and Exchange Commission,26 Jun 2007,0,6,40,,
http://www.gpo.gov/fdsys/pkg/CHRG-110hhrg37558/pdf/CHRG-110hhrg37558.pdf,The State of the International Financial System,20 Jun 2007,0,0,37,,
http://www.gpo.gov/fdsys/pkg/CHRG-110hhrg37557/pdf/CHRG-110hhrg37557.pdf,Will Examine Consumers’ Ability to Dispute and Change Inaccurate Information,19 Jun 2007,0,0,29,,
http://www.gpo.gov/fdsys/pkg/CHRG-110hhrg37555/pdf/CHRG-110hhrg37555.pdf,National Flood Insurance Program:  Issues Exposed by the 2005 Hurricanes,12 Jun 2007,Joint,,,,
http://www.gpo.gov/fdsys/pkg/CHRG-110hhrg37553/pdf/CHRG-110hhrg37553.pdf,Can Internet Gambling Be Effectively Regulated to Protect Consumers and the Payments System?,8 Jun 2007,0,9,7,,
http://www.gpo.gov/fdsys/pkg/CHRG-110hhrg37551/pdf/CHRG-110hhrg37551.pdf,U.S. Interests in Reform of China’s Financial Services Sector,6 Jun 2007,0,2,26,,
,The Role and Effectiveness of the World Bank in Combating Global Poverty,22 May 2007,0,0,15,,
http://www.gpo.gov/fdsys/pkg/CHRG-110hhrg37208/pdf/CHRG-110hhrg37208.pdf,Private Equity’s Effects on Workers and Firms,16 May 2007,0,0,34,,
http://www.gpo.gov/fdsys/pkg/CHRG-110hhrg36820/pdf/CHRG-110hhrg36820.pdf,"H.R. 698, the Industrial Bank Holding Company Act of 2007",25 Apr 2007,0,2,31,,
http://www.gpo.gov/fdsys/pkg/CHRG-110hhrg36816/pdf/CHRG-110hhrg36816.pdf,Household Incomes and Housing Costs: A New Squeeze for American Families,4 Apr 2007,Field,9,3,1,
http://www.gpo.gov/fdsys/pkg/CHRG-110hhrg35407/pdf/CHRG-110hhrg35407.pdf,Legislative Proposals on GSE Reform,15 Mar 2007,0,12,32,,
http://www.gpo.gov/fdsys/pkg/CHRG-110hhrg35406/pdf/CHRG-110hhrg35406.pdf,Full Committee Hearing on the Oversight of Department of Housing and Urban Development,14 Mar 2007,0,2,27,,
http://www.gpo.gov/fdsys/pkg/CHRG-110hhrg35405/pdf/CHRG-110hhrg35405.pdf,Hedge Funds and Systemic Risk in the Financial Markets,13 Mar 2007,0,4,32,,
http://www.gpo.gov/fdsys/pkg/CHRG-110hhrg35402/pdf/CHRG-110hhrg35402.pdf,"Empowering Shareholders on Executive Compensation: H.R. 1257, The Shareholder Vote on Executive Compensation Act",8 Mar 2007,0,1,35,,
http://www.gpo.gov/fdsys/pkg/CHRG-110hhrg41183/pdf/CHRG-110hhrg41183.pdf,Monetary Policy and the state of the Economy,26 Feb 2007,0,2,23,,1
http://www.gpo.gov/fdsys/pkg/CHRG-110hhrg34674/pdf/CHRG-110hhrg34674.pdf,Monetary Policy and the state of the Economy,16 Feb 2007,0,0,24,,1
http://www.gpo.gov/fdsys/pkg/CHRG-110hhrg34673/pdf/CHRG-110hhrg34673.pdf,Monetary Policy and the state of the Economy,15 Feb 2007,0,0,50,,1
http://www.gpo.gov/fdsys/pkg/CHRG-110hhrg34672/pdf/CHRG-110hhrg34672.pdf,"Committee on Foreign Investment in the United States (CFIUS), One Year After Dubai Ports World",7 Feb 2007,0,0,42,,
http://www.gpo.gov/fdsys/pkg/CHRG-110hhrg34671/pdf/CHRG-110hhrg34671.pdf,"Federal Housing Response to 
Hurricane Katrina",6 Feb 2007,0,0,40,,
http://archives.financialservices.house.gov/pdf/ArchiveHearing/109-121.PDF,Sarbanes-Oxley at Four: Protecting Investors and Strengthening the Markets,19 Sep 2006,0,0,21,,
http://archives.financialservices.house.gov/pdf/ArchiveHearing/109-116.PDF,Community Solutions for the Prevention of and Management of Foreclosures,23 Aug 2006,Field,0,2,1,
http://archives.financialservices.house.gov/pdf/ArchiveHearing/109-115.PDF,"A Look at the National Flood Insurance Program and Flood Mitigation Efforts: Is Bucks County, Pennsylvania Ready for Another Flood?",15 Aug 2006,Field,0,2,1,
http://www.gpo.gov/fdsys/pkg/CHRG-109hhrg31539/pdf/CHRG-109hhrg31539.pdf,Monetary Policy and the state of the Economy,20 Jul 2006,0,0,40,,1
http://archives.financialservices.house.gov/media/pdf/109-97.pdf,Protecting Investors and Fostering Efficient Markets: A Review of the S.E.C. Agenda,25 May 2006,0,2,28,,
http://archives.financialservices.house.gov/media/pdf/109-92.pdf,The State of the International Financial system,17 May 2006,0,0,35,,
http://archives.financialservices.house.gov/media/pdf/109-90.pdf,Protecting Investors and Fostering Efficient Markets: A Review of the S.E.C. Agenda,3 May 2006,0,7,42,,
http://archives.financialservices.house.gov/media/pdf/109-81.pdf,"THE U.S. DEPARTMENT OF HOUSING
AND URBAN DEVELOPMENT’S (HUD)
FISCAL YEAR 2007 BUDGET",30 Mar 2006,0,7,33,,
http://archives.financialservices.house.gov/media/pdf/109-77.pdf,Review of the Rudman Report on Fannie Mae,14 Mar 2006,0,0,24,,
http://www.gpo.gov/fdsys/pkg/CHRG-109hhrg28024/pdf/CHRG-109hhrg28024.pdf,Monetary Policy and the state of the Economy,15 Feb 2006,0,0,44,,1
http://archives.financialservices.house.gov/media/pdf/109-66.pdf,"H.R. 2990—THE CREDIT RATING
AGENCY DUOPOLY RELIEF ACT",26 Nov 2005,0,0,3,,
http://archives.financialservices.house.gov/media/pdf/109-64.pdf,Louisiana Recovery Corporation Act,17 Nov 2005,0,0,22,,
http://www.gpo.gov/fdsys/pkg/CHRG-109hhrg23738/pdf/CHRG-109hhrg23738.pdf,Monetary Policy and the state of the Economy,20 Jul 2005,0,6,44,,1
http://archives.financialservices.house.gov/media/pdf/109-46.pdf,"IMPROVING LAND TITLE GRANT
PROCEDURES FOR NATIVE AMERICANS",19 Jul 2005,Joint,3,13,,
http://archives.financialservices.house.gov/media/pdf/109-45.pdf,Treasury's Report to Congress on the Terrorism Risk Insurance Act (TRIA),13 Jul 2005,0,0,37,,
http://archives.financialservices.house.gov/media/pdf/109-37.pdf,Protecting Consumers and Promoting Competition in Real Estate Services,15 Jun 2005,0,0,48,,
http://archives.financialservices.house.gov/media/pdf/109-28.pdf,State and Local Housing Flexibility Act of 2005,11 May 2005,0,5,29,,
http://archives.financialservices.house.gov/media/pdf/109-23.pdf,Assessing Data Security: Preventing Breaches and Protecting Sensitive Information,4 May 2005,0,3,33,,
http://archives.financialservices.house.gov/media/pdf/109-21.pdf,The Impact of the Sarbanes-Oxley Act,21 Apr 2005,0,0,40,,
http://archives.financialservices.house.gov/media/pdf/109-19.pdf,Generations Working Together: Financial Literacy and Social Security Reform,20 Apr 2005,0,0,44,,
http://archives.financialservices.house.gov/media/pdf/109-18.pdf,"THE STATE OF THE
INTERNATIONAL FINANCIAL SYSTEM",19 Apr 2005,0,0,21,,
http://archives.financialservices.house.gov/media/pdf/109-15.pdf,The Administration Perspective on GSE Regulatory Reform,13 Apr 2005,0,3,38,,
http://archives.financialservices.house.gov/media/pdf/109-13.pdf,Strengthening America's Communities: A Review of the President's FY2006 Budget Initiative,6 Apr 2005,0,5,37,,
http://archives.financialservices.house.gov/media/pdf/109-5.pdf,"OVERSIGHT OF THE DEPARTMENT OF
HOUSING AND URBAN DEVELOPMENT
AND ITS FISCAL YEAR 2006 BUDGET",2 Mar 2005,0,0,40,,
http://www.gpo.gov/fdsys/pkg/CHRG-109hhrg22160/pdf/CHRG-109hhrg22160.pdf,Monetary Policy and the state of the Economy,17 Feb 2005,0,3,63,,
http://archives.financialservices.house.gov/media/pdf/108-117.pdf,"BANKS, MERGERS, AND THE AFFECTED
COMMUNITIES",14 Dec 2004,Field,20,8,1,
http://archives.financialservices.house.gov/media/pdf/108-112.pdf,Legislative Proposals to Implement the Recommendations of the 9/11 Commission,22 Sep 2004,0,1,28,,
http://archives.financialservices.house.gov/media/pdf/108-108.pdf,Protecting our Financial Infrastructure: Preparation and Vigilance,8 Sep 2004,0,6,22,,
http://archives.financialservices.house.gov/media/pdf/108-107.pdf,The 9/11 Commission Report: Identifying and Preventing Terrorist Financing,23 Aug 2004,0,0,34,,
http://archives.financialservices.house.gov/media/pdf/108-106.pdf,Sarbanes-Oxley: Two Years of Market and Investor Recovery,22 Jul 2004,0,9,26,,
http://archives.financialservices.house.gov/media/pdf/108-105.pdf,Shell Games: Corporate Governance and Accounting for Oil and Gas Reserves,21 Jul 2004,0,0,8,,
http://www.gpo.gov/fdsys/pkg/CHRG-108hhrg96942/pdf/CHRG-108hhrg96942.pdf,Monetary Policy and the state of the Economy,21 Jul 2004,0,0,42,,1
http://archives.financialservices.house.gov/media/pdf/108-89.pdf,"OVERSIGHT OF THE DEPARTMENT
OF HOUSING AND URBAN DEVELOPMENT",20 May 2004,0,0,38,,
http://archives.financialservices.house.gov/media/pdf/108-86.pdf,The US-EU Regulatory Dialogue and Its Future,13 May 2004,0,3,13,,
http://archives.financialservices.house.gov/media/pdf/108-78.pdf,Oversight of the Office of the Comptroller of the Currency,1 Apr 2004,0,2,32,,
http://archives.financialservices.house.gov/media/pdf/108-75.pdf,"STATE OF THE INTERNATIONAL FINANCIAL
SYSTEM",25 Mar 2004,0,0,32,,
http://www.gpo.gov/fdsys/pkg/CHRG-108hhrg93425/pdf/CHRG-108hhrg93425.pdf,Monetary Policy and the state of the Economy,11 Feb 2004,0,0,52,,1
http://archives.financialservices.house.gov/media/pdf/108-55.pdf,"Remittances: Reducing Costs, Increasing Competition, and Broadening Access to the Market",1 Oct 2003,0,2,32,,
http://archives.financialservices.house.gov/media/pdf/108-54.pdf,"H.R. 2575, the Secondary Mortgage Market Enterprises Regulatory Improvement Act and the Administration's proposals on GSE regulation",25 Sep 2003,0,2,46,,
http://archives.financialservices.house.gov/media/pdf/108-52.pdf,Accounting under Sarbanes-Oxley: Are financial statements more reliable?,17 Sep 2003,0,2,34,,
http://archives.financialservices.house.gov/media/pdf/108-51.pdf,Treasury Department's views on the regulation of government sponsored enterprises,10 Sep 2003,0,0,57,,
http://www.gpo.gov/fdsys/pkg/CHRG-108hhrg91775/pdf/CHRG-108hhrg91775.pdf,Monetary Policy and the state of the Economy,15 Jul 2003,0,0,55,,1
http://archives.financialservices.house.gov/media/pdf/108-47.pdf,"H.R. 2622, the Fair and Accurate Credit Transactions Act of 2003",9 Jul 2003,0,10,45,,
http://archives.financialservices.house.gov/media/pdf/108-27.pdf,"THE STATE OF THE INTERNATIONAL
FINANCIAL SYSTEM—IMF REFORM AND
COMPLIANCE WITH IMF AGREEMENTS",13 May 2003,0,0,26,,
http://archives.financialservices.house.gov/media/pdf/108-24.pdf,United States monetary and economic policy,30 Apr 2003,0,0,45,,
http://archives.financialservices.house.gov/media/pdf/108-7.pdf, housing related agency budgets for FY2004,5 Mar 2003,0,0,35,,
http://archives.financialservices.house.gov/media/pdf/108-6.pdf,"H.R. 522, the Federal Deposit Insurance Reform Act of 2003",4 Mar 2003,0,1,31,,
http://www.gpo.gov/fdsys/pkg/CHRG-108hhrg89078/pdf/CHRG-108hhrg89078.pdf,Monetary Policy and the state of the Economy,12 Feb 2003,0,0,53,,1
http://archives.financialservices.house.gov/media/pdf/107-85.pdf,Reforming the Real Estate Settlement Procedure: Review of HUD's proposed RESPA Rule,3 Oct 2002,0,2,30,,
http://archives.financialservices.house.gov/media/pdf/107-83.pdf,Terrorist Financing: A Progress Report on Implementation of the USA PATRIOT Act,19 Sep 2002,0,0,25,,
http://www.gpo.gov/fdsys/pkg/CHRG-107hhrg84417/pdf/CHRG-107hhrg84417.pdf,Conduct of Monetary Policy,17 Jul 2002,0,0,50,,
http://archives.financialservices.house.gov/media/pdf/107-74.pdf,Wrong Numbers: The Accounting Problems at WorldCom,8 Jul 2002,0,0,52,,
http://archives.financialservices.house.gov/media/pdf/107-70.pdf,European Union's Financial Services Action Plan and its implications for the American financial services industry,22 May 2002,0,4,23,,
http://archives.financialservices.house.gov/media/pdf/107-60.pdf,"H.R. 3763, the Corporate and Auditing Accountability, Responsibility, and Transparency Act of 2002, Day 3",13 Mar 2002,0,2,35,,
http://archives.financialservices.house.gov/media/pdf/107-58.pdf,State of the International Financial System and IMF Reform,28 Feb 2002,0,1,18,,
http://www.gpo.gov/fdsys/pkg/CHRG-107hhrg78399/pdf/CHRG-107hhrg78399.pdf,Conduct of Monetary Policy,27 Feb 2002,0,7,46,,1
http://archives.financialservices.house.gov/media/pdf/107-46.pdf, Dismantling the Financial Infrastructure of Global Terrorism,3 Oct 2001,0,1,52,,
http://archives.financialservices.house.gov/media/pdf/107-45.pdf,America's Insurance Industry: Keeping the Promise,26 Sep 2001,0,0,32,,
http://www.gpo.gov/fdsys/pkg/CHRG-107hhrg74156/pdf/CHRG-107hhrg74156.pdf,Conduct of Monetary Policy,18 Jul 2001,0,0,44,,1
http://archives.financialservices.house.gov/media/pdf/107-26.pdf,"The California Energy Crisis: Causes, Impacts, and Remedies",20 Jun 2001,0,1,26,,
,The State of the International Financial System and IMF Reform,22 May 2001,0,0,38,,
http://www.gpo.gov/fdsys/pkg/CHRG-107hhrg70750/pdf/CHRG-107hhrg70750.pdf,Conduct of Monetary Policy,28 Feb 2001,0,0,60,,1
http://commdocs.house.gov/committees/bank/hba67260.000/hba67260_0f.htm,"THE FARM CREDIT ADMINISTRATION'S
NATIONAL CHARTER INITIATIVE",3 Oct 2000,0,0,18,,
http://commdocs.house.gov/committees/bank/hba66938.000/hba66938_0f.htm,H.R. 4311—THE IDENTITY THEFT PREVENTION ACT OF 2000,13 Sep 2000,0,1,14,,
http://commdocs.house.gov/committees/bank/hba65973.000/hba65973_0f.htm,Conduct of Monetary Policy,25 Jul 2000,0,0,29,,1
http://commdocs.house.gov/committees/bank/hba65974.000/hba65974_0f.htm,THE COMMODITY FUTURES MODERNIZATION ACT,19 Jul 2000,0,0,29,,
http://commdocs.house.gov/committees/bank/hba65616.000/hba65616_0f.htm,H.R. 4490—FIRST ACCOUNTS ACT OF 2000,27 Jun 2000,0,0,13,,
http://commdocs.house.gov/committees/bank/hba65225.000/hba65225_0f.htm,H.R. 4419—INTERNET GAMBLING FUNDING PROHIBITION ACT,20 Jun 2000,0,0,18,,
http://commdocs.house.gov/committees/bank/hba65149.000/hba65149_0f.htm,H.R. 4585—THE MEDICAL FINANCIAL PRIVACY PROTECTION ACT,14 Jun 2000,0,0,25,,
http://commdocs.house.gov/committees/bank/hba64810.000/hba64810_0f.htm,PREDATORY LENDING PRACTICES,24 May 2000,0,4,25,,
http://commdocs.house.gov/committees/bank/hba64509.000/hba64509_0f.htm,PERMANENT NORMAL TRADE RELATIONS FOR CHINA (PNTR),11 May 2000,0,3,19,,
http://commdocs.house.gov/committees/bank/hba64476.000/hba64476_0f.htm,H.R. 4209—THE BANK RESERVES MODERNIZATION ACT OF 2000,3 May 2000,0,0,21,,
http://commdocs.house.gov/committees/bank/hba63923.000/hba63923_0f.htm,RECOMMENDATIONS BY THE PRESIDENT'S WORKING GROUP ON FINANCIAL MARKETS,11 Apr 2000,0,0,14,,
http://commdocs.house.gov/committees/bank/hba63649.000/hba63649_0f.htm,INTERNATIONAL FINANCIAL ARCHITECTURE,23 Mar 2000,0,9,29,,
http://commdocs.house.gov/committees/bank/hba63312.000/hba63312_0f.htm,MONEY LAUNDERING,9 Mar 2000,0,3,17,,
http://commdocs.house.gov/committees/bank/hba63311.000/hba63311_0f.htm,H.R. 3519—THE WORLD BANK AIDS PREVENTION TRUST FUND ACT,8 Mar 2000,0,0,16,,
http://commdocs.house.gov/committees/bank/hba62930.000/hba62930_0f.htm,Conduct of Monetary Policy,17 Feb 2000,0,0,22,,1
http://commdocs.house.gov/committees/bank/hba62679.000/hba62679_0f.htm,RESTITUTION OF HOLOCAUST ASSETS (SEGMENT 2),10 Feb 2000,0,0,12,,
http://commdocs.house.gov/committees/bank/hba62679.000/hba62679_0f.htm,RESTITUTION OF HOLOCAUST  ASSETS (SEGMENT 1),9 Feb 2000,0,0,14,,
http://commdocs.house.gov/committees/bank/hba62680.000/hba62680_0f.htm,RECENT BANK FAILURES AND REGULATORY INITIATIVES,8 Feb 2000,0,0,20,,
http://commdocs.house.gov/committees/bank/hba59889.000/hba59889_0f.htm,RUSSIAN MONEY LAUNDERING (Segment 2),22 Sep 1999,0,0,30,,
http://commdocs.house.gov/committees/bank/hba59889.000/hba59889_0f.htm,RUSSIAN MONEY LAUNDERING (SEGMENT 1),21 Sep 1999,0,0,21,,
http://commdocs.house.gov/committees/bank/hba58653.000/hba58653_0f.htm,WORLD WAR II ASSETS OF HOLOCAUST VICTIMS,14 Sep 1999,0,0,25,,
http://commdocs.house.gov/committees/bank/hba58655.000/hba58655_0f.htm,H.R. 21—THE HOMEOWNERS' INSURANCE AVAILABILITY ACT OF 1999,30 Jul 1999,0,0,17,,
http://commdocs.house.gov/committees/bank/hba58264.000/hba58264_0f.htm,Conduct of Monetary Policy,22 Jul 1999,0,0,38,,1
http://commdocs.house.gov/committees/bank/hba57681.000/hba57681_0f.htm,H.R. 1095—THE DEBT RELIEF FOR POVERTY REDUCTION ACT,15 Jun 1999,0,0,24,,
http://commdocs.house.gov/committees/bank/hba57555.000/hba57555_0f.htm,RUSSIAN ECONOMIC TURMOIL,10 Jun 1999,0,0,21,,
http://commdocs.house.gov/committees/bank/hba57161.000/hba57161_0f.htm,"H.R. 629—REAUTHORIZATION OF THE COMMUNITY DEVELOPMENT FINANCIAL INSTITUTIONS FUND, AND H.R. 413—THE PROGRAM FOR INVESTMENT IN MICROENTREPRENEURS ACT OF 1999",26 May 1999,0,5,33,,
http://commdocs.house.gov/committees/bank/hba57160.000/hba57160_0f.htm,EXCHANGE RATE STABILITY IN INTERNATIONAL FINANCE,21 May 1999,0,0,8,,
http://commdocs.house.gov/committees/bank/hba57053.000/hba57053_0f.htm,THE ARCHITECTURE OF INTERNATIONAL FINANCE',20 May 1999,0,0,34,,
http://commdocs.house.gov/committees/bank/hba56675.000/hba56675_0f.htm,THE PRESIDENT'S WORKING GROUP STUDY ON HEDGE FUNDS,6 May 1999,0,0,20,,
http://commdocs.house.gov/committees/bank/hba56393.000/hba56393_0f.htm,"HUD'S PREPAREDNESS FOR THE YEAR 2000: 
TESTING, CONTINGENCY PLANNING, 
AND BUSINESS PARTNER OUTREACH",14 Apr 1999,0,0,13,,
http://commdocs.house.gov/committees/bank/hba56143.000/hba56143_0f.htm,"FINALIZING BANK PREPAREDNESS FOR THE YEAR 2000: TESTING, CREDIT RISK, CONTINGENCY PLANNING AND LIQUIDITY, AND CUSTOMER CONFIDENCE",19 Apr 1999,0,2,23,,
http://commdocs.house.gov/committees/bank/hba55259.000/hba55259_0f.htm,Conduct of Monetary Policy,24 Feb 1999,0,0,29,,1
http://commdocs.house.gov/committees/bank/hba54744.000/hba54744_0f.htm,H.R. 10—THE FINANCIAL SERVICES MODERNIZATION ACT OF 1999 (SEGMENT 3),12 Feb 1999,0,0,24,,
http://commdocs.house.gov/committees/bank/hba54744.000/hba54744_0f.htm,H.R. 10—THE FINANCIAL SERVICES MODERNIZATION ACT OF 1999 (SEGMENT 2),11 Feb 1999,0,23,40,,
http://commdocs.house.gov/committees/bank/hba54744.000/hba54744_0f.htm,H.R. 10—THE FINANCIAL SERVICES MODERNIZATION ACT OF 1999 (SEGMENT 1),10 Feb 1999,0,0,41,,
http://commdocs.house.gov/committees/bank/hba51526.000/hba51526_0f.htm,HEDGE FUND OPERATIONS,1 Oct 1998,0,0,15,,
http://commdocs.house.gov/committees/bank/hba51205.000/hba51205_0f.htm,H.R. 4179—THE PROGRAM FOR INVESTMENTS IN MICROENTREPRENEURS ACT OF 1998,23 Sep 1998,0,0,10,,
http://commdocs.house.gov/committees/bank/hba51204.000/hba51204_0f.htm,"PREPARING FOR THE YEAR 2000:
FINANCIAL INSTITUTIONS, CUSTOMERS, TELECOMMUNICATIONS, AND POWER INDUSTRIES",17 Sep 1998,0,0,6,,
http://commdocs.house.gov/committees/bank/hba51202.000/hba51202_0f.htm,INTERNATIONAL ECONOMIC TURMOIL,14 Sep 1998,0,0,6,,
http://commdocs.house.gov/committees/bank/hba50285.000/hba50285_0f.htm,H.R. 4321—FINANCIAL INFORMATION PRIVACY ACT,28 Jul 1998,0,0,12,,
http://commdocs.house.gov/committees/bank/hba50076.000/hba50076_0f.htm,H.R. 4062 — THE FINANCIAL DERIVATIVES SUPERVISORY IMPROVEMENT ACT OF 1998 AND H.R. 4239 — THE FINANCIAL CONTRACT NETTING IMPROVEMENT ACT  (Segment 2),24 Jul 1998,0,0,22,,
http://commdocs.house.gov/committees/bank/hba49633.000/hba49633_0f.htm,"THE YEAR 2000 CHALLENGE TO 
INTERNATIONAL BANKING AND FINANCE",23 Jun 1998,0,3,13,,
http://commdocs.house.gov/committees/bank/hba50146.000/hba50146_0f.htm,Conduct of Monetary Policy,22 Jul 1998,0,0,14,,
http://commdocs.house.gov/committees/bank/hba50076.000/hba50076_0f.htm,H.R. 4062 — THE FINANCIAL DERIVATIVES SUPERVISORY IMPROVEMENT ACT OF 1998 AND H.R. 4239 — THE FINANCIAL CONTRACT NETTING IMPROVEMENT ACT (Seg 1),17 Jul 1998,0,0,21,,
http://commdocs.house.gov/committees/bank/hba49305.000/hba49305_0f.htm,H.R. 4005—MONEY LAUNDERING DETERRENCE ACT OF 1998 AND H.R. 1756—MONEY LAUNDERING AND FINANCIAL CRIME STRATEGY ACT OF 1997,11 Jun 1998,0,0,25,,
http://commdocs.house.gov/committees/bank/hba49084.000/hba49084_0f.htm,H.R. 3662—U.S. HOLOCAUST ASSETS COMMISSION ACT OF 1998,4 Jun 1998,0,0,26,,
http://commdocs.house.gov/committees/bank/hba48312.000/hba48312_0f.htm,BANK MERGERS,29 Apr 1998,0,0,35,,
http://commdocs.house.gov/committees/bank/hba48232.000/hba48232_0f.htm,H.R. 219—HOMEOWNERS' INSURANCE AVAILABILITY ACT OF 1997,23 Apr 1998,0,0,22,,
http://commdocs.house.gov/committees/bank/hba47578.000/hba47578_0f.htm,"YEAR 2000 READINESS OF HUD, TREASURY, AND FEDERAL FINANCIAL REGULATORY AGENCIES",24 Mar 1998,0,4,5,,
http://commdocs.house.gov/committees/bank/hba47605.000/hba47605_0f.htm,"THE SUPREME COURT'S FEBRUARY 25, 1998 
DECISION REGARDING THE CREDIT UNION 
COMMON BOND REQUIREMENT",11 Mar 1998,0,13,47,,
http://commdocs.house.gov/committees/bank/hba46855.000/hba46855_0f.htm,Conduct of Monetary Policy,24 Feb 1998,0,0,17,,
http://commdocs.house.gov/committees/bank/hba46854.000/hba46854_0f.htm,HE RESTITUTION OF ART OBJECTS SEIZED BY THE NAZIS FROM HOLOCAUST VICTIMS AND INSURANCE CLAIMS OF CERTAIN HOLOCAUST VICTIMS AND THEIR HEIRS,12 Feb 1998,0,6,21,,
http://commdocs.house.gov/committees/bank/hba46638.000/hba46638_0f.htm,H.R. 3116—THE EXAMINATION PARITY AND YEAR 2000 READINESS FOR FINANCIAL INSTITUTIONS ACT,5 Feb 1998,0,1,9,,
http://commdocs.house.gov/committees/bank/hba46637.000/hba46637_0f.htm,EAST ASIAN ECONOMIC CONDITIONS—PART 2 (Segment 2),3 Feb 1998,0,7,22,,
http://commdocs.house.gov/committees/bank/hba46637.000/hba46637_0f.htm,EAST ASIAN ECONOMIC CONDITIONS—PART 2 (Segment 1),30 Jan 1998,0,0,22,,
http://commdocs.house.gov/committees/bank/hba45060.000/hba45060_0f.htm,EAST ASIAN ECONOMIC CONDITIONS—PART 1,13 Nov 1997,0,0,28,,
http://commdocs.house.gov/committees/bank/hba44807.000/hba44807_0f.htm,MILLENNIUM BUG: BANKING AND THE YEAR 2000 COMPUTER PROBLEM,4 Nov 1998,0,2,11,,
http://commdocs.house.gov/committees/bank/hba43663.000/hba43663_0f.htm,REVIEW OF PROPOSED REGULATIONS TO IMPLEMENT EFT '99,25 Sep 1997,0,0,28,,
http://commdocs.house.gov/committees/bank/hba43661.000/hba43661_0f.htm,H.R. 2343—THE THRIFT DEPOSITOR PROTECTION OVERSIGHT BOARD ABOLISHMENT ACT,9 Sep 1997,0,0,21,,
http://commdocs.house.gov/committees/bank/hba42632.000/hba42632_0f.htm,GOVERNMENT PERFORMANCE AND RESULTS ACT,29 Jul 1997,0,6,11,,
http://commdocs.house.gov/committees/bank/hba42634.000/hba42634_0f.htm,Conduct of Monetary Policy,23 Jul 1997,0,0,24,,1
http://commdocs.house.gov/committees/bank/hba42635.000/hba42635_0f.htm,Conduct of Monetary Policy,22 Jul 1997,0,5,22,,
http://commdocs.house.gov/committees/bank/hba41978.000/hba41978_0f.htm,THE EIZENSTAT REPORT AND RELATED ISSUES CONCERNING UNITED STATES AND ALLIED EFFORTS TO RESTORE GOLD AND THER ASSETS LOOTED BY NAZIS DURING WORLD WAR II,25 Jun 1997,0,4,22,,
http://commdocs.house.gov/committees/bank/hba42909.000/hba42909_0f.htm,FINANCIAL MODERNIZATION—PART II (Segment 3),3 Jun 1997,0,0,34,,
http://commdocs.house.gov/committees/bank/hba42909.000/hba42909_0f.htm,FINANCIAL MODERNIZATION—PART II (Segment 2),22 May 1997,0,0,29,,
http://commdocs.house.gov/committees/bank/hba42909.000/hba42909_0f.htm,FINANCIAL MODERNIZATION—PART II (Segment 1),21 May 1997,0,0,14,,
http://commdocs.house.gov/committees/bank/hba40764.000/hba40764_0f.htm,REVIEW OF A TREASURY DEPARTMENT STUDY OF CASH SURPLUSES AT THE SAN ANTONIO BRANCH OF THE DALLAS FEDERAL RESERVE BANK,15 May 1997,0,0,15,,
http://commdocs.house.gov/committees/bank/hba41053.000/hba41053_0f.htm,FINANCIAL MODERNIZATION—PART I (segment 2),14 May 1997,0,0,29,,
http://commdocs.house.gov/committees/bank/hba41053.000/hba41053_0f.htm,FINANCIAL MODERNIZATION—PART I (segment 1),7 May 1997,0,0,28,,
http://commdocs.house.gov/committees/bank/hba38916.000/hba38916_0f.htm,H.R. 607--THE HOMEOWNERS INSURANCE PROTECTION ACT,18 Mar 1997,0,0,27,,
http://commdocs.house.gov/committees/bank/hba38677.000/hba38677_0f.htm,Conduct of Monetary Policy,5 Mar 1997,0,4,17,,